Job_Role,Pay,Location,State,Submit_Date,Hire_Date
ACCOUNT EXECUTIVE,71340,SAN FRANCISCO CA,CA,3/16/2018,9/4/2018
ACCOUNT EXECUTIVE,71340,SAN FRANCISCO CA,CA,3/27/2018,9/4/2018
ACCOUNT EXECUTIVE,71340,SAN FRANCISCO CA,CA,3/6/2018,9/4/2018
ACCOUNT EXECUTIVE,105352,NEW YORK NY,NY,4/27/2018,10/17/2018
ACCOUNT EXECUTIVE COMMERCIAL MARKET - PLATFORM,94411,ATLANTA GA,GA,3/9/2018,3/10/2018
ACCOUNT EXECUTIVE GENERAL,108597,NEW YORK NY,NY,7/10/2018,10/17/2018
ACCOUNT EXECUTIVE GENERAL COMMERCIAL,104420,NEW YORK NY,NY,8/10/2018,10/17/2018
ACCOUNT EXECUTIVE GROWTH BUSINESS,71620,NEW YORK NY,NY,8/6/2018,1/10/2019
ACCOUNT EXECUTIVE GROWTH BUSINESS,74485,NEW YORK NY,NY,7/16/2018,1/10/2019
ACCOUNT EXECUTIVE SERVICE CLOUD,108640,SAN FRANCISCO CA,CA,8/28/2018,2/26/2019
ACCOUNTING MANAGER CORPORATE ACCOUNTING,105227,SAN FRANCISCO CA,CA,3/4/2018,8/28/2018
ACCOUNTING MANAGER CORPORATE ACCOUNTING,105227,SAN FRANCISCO CA,CA,3/22/2018,9/21/2018
ALLIANCES-TECHNICAL EVANGELIST,122429,SAN FRANCISCO CA,CA,3/1/2018,8/15/2018
AMTS SOFTWARE ENGINEER,117720,SAN FRANCISCO CA,CA,3/7/2018,8/22/2018
AMTS SOFTWARE ENGINEER,71240,INDIANAPOLIS IN,IN,3/5/2018,7/29/2018
AMTS SOFTWARE ENGINEER,102669,SAN FRANCISCO CA,CA,2/9/2018,7/29/2018
AMTS SOFTWARE ENGINEER,102669,SAN FRANCISCO CA,CA,2/23/2018,8/23/2018
AMTS SOFTWARE ENGINEER,122429,SAN FRANCISCO CA,CA,2/23/2018,8/22/2018
ANALYST PIPELINE STRATEGY AND ANALYTICS,89898,SAN FRANCISCO CA,CA,1/27/2018,2/8/2018
ANALYST SALES STRATEGY,82763,SAN FRANCISCO CA,CA,3/13/2018,9/7/2018
ANALYST SALES STRATEGY & OPERATIONS,96907,SAN FRANCISCO CA,CA,11/7/2018,11/19/2018
ANALYST/SR ANALYST SALESFORCE VENTURES,84773,SAN FRANCISCO CA,CA,3/1/2018,8/30/2018
ANALYTICS LEAD STRATEGY AND GROWTH,129106,SAN FRANCISCO CA,CA,3/26/2018,4/2/2018
AREA VICE PRESIDENT BUSINESS MANAGER,135886,NEW YORK NY,NY,6/12/2018,6/22/2018
AREA VICE PRESIDENT BUSINESS MANAGER,244026,NEW YORK NY,NY,6/15/2018,6/22/2018
ASSOCIATE BUSINESS SYSTEMS ANALYST,55340,INDIANAPOLIS IN,IN,3/8/2018,9/1/2018
ASSOCIATE BUSINESS SYSTEMS ANALYST,57554,INDIANAPOLIS IN,IN,2/1/2018,7/30/2018
ASSOCIATE BUSINESS SYSTEMS ANALYST,57554,INDIANAPOLIS IN,IN,2/26/2018,8/26/2018
ASSOCIATE BUSINESS SYSTEMS ANALYST,63544,INDIANAPOLIS IN,IN,3/22/2018,9/21/2018
ASSOCIATE DATA SCIENTIST EMPLOYEE SUCCESS,82763,SAN FRANCISCO CA,CA,1/15/2018,7/15/2018
ASSOCIATE DEMO ENGINEER,80160,CHICAGO IL,IL,3/6/2018,7/17/2018
ASSOCIATE DEMO ENGINEER,80160,CHICAGO IL,IL,3/7/2018,7/9/2018
ASSOCIATE DEMO ENGINEER,83366,CHICAGO IL,IL,1/29/2018,7/17/2018
ASSOCIATE FULL STACK SOFTWARE DEVELOPER DEMO ENGINEER,80160,CHICAGO IL,IL,3/7/2018,9/6/2018
ASSOCIATE MEMBER OF TECHNICAL STAFF,117720,SAN FRANCISCO CA,CA,3/7/2018,9/6/2018
ASSOCIATE MEMBER OF TECHNICAL STAFF,87859,BURLINGTON MA,MA,2/1/2018,7/24/2018
ASSOCIATE MEMBER OF TECHNICAL STAFF,87859,BURLINGTON MA,MA,2/1/2018,7/30/2018
ASSOCIATE MEMBER OF TECHNICAL STAFF,102669,SAN FRANCISCO CA,CA,1/19/2018,7/17/2018
ASSOCIATE MTS SOFTWARE ENGINEER,72342,BELLEVUE WA,WA,1/19/2018,7/17/2018
ASSOCIATE PORTFOLIO SUCCESS MANAGER,65960,CHICAGO IL,IL,3/6/2018,7/31/2018
ASSOCIATE PORTFOLIO SUCCESS MANAGER,68598,CHICAGO IL,IL,2/1/2018,7/31/2018
ASSOCIATE PROGRAM MANAGER,121451,SAN FRANCISCO CA,CA,6/20/2018,7/2/2018
ASSOCIATE SECURITY ENGINEER,111197,SAN FRANCISCO CA,CA,2/2/2018,7/31/2018
ASSOCIATE SECURITY ENGINEER AMTS,117499,BELLEVUE WA,WA,3/12/2018,9/11/2018
ASSOCIATE SOFTWARE ENGINEER,98720,SAN FRANCISCO CA,CA,3/7/2018,9/6/2018
ASSOCIATE SOFTWARE ENGINEER,109380,HERNDON VA,VA,3/6/2018,8/9/2018
ASSOCIATE SOFTWARE ENGINEER,117720,SAN FRANCISCO CA,CA,3/7/2018,9/6/2018
ASSOCIATE SOFTWARE ENGINEER,117720,SAN FRANCISCO CA,CA,3/7/2018,9/6/2018
ASSOCIATE SOFTWARE ENGINEER,117720,SAN FRANCISCO CA,CA,3/7/2018,9/6/2018
ASSOCIATE SOFTWARE ENGINEER,63544,INDIANAPOLIS IN,IN,1/19/2018,7/17/2018
ASSOCIATE SOFTWARE ENGINEER,102669,SAN FRANCISCO CA,CA,3/6/2018,8/31/2018
ASSOCIATE SOFTWARE ENGINEER,113755,HERNDON VA,VA,2/9/2018,8/9/2018
ASSOCIATE SOFTWARE ENGINEER,113755,HERNDON VA,VA,3/20/2018,9/18/2018
ASSOCIATE SOFTWARE ENGINEER,122429,SAN FRANCISCO WA,WA,3/5/2018,8/16/2018
ASSOCIATE SOFTWARE ENGINEER AMTS,117720,SAN FRANCISCO CA,CA,3/5/2018,8/16/2018
ASSOCIATE SUCCESS SPECIALIST,53200,INDIANAPOLIS IN,IN,3/20/2018,9/19/2018
ASSOCIATE SUCCESS SPECIALIST,56700,INDIANAPOLIS IN,IN,3/12/2018,7/30/2018
ASSOCIATE SYSTEMS SPECIALIST,94800,DALLAS TX,TX,10/19/2018,10/29/2018
ASSOCIATE SYSTEMS SPECIALIST,94806,DALLAS TX,TX,10/11/2018,10/23/2018
ASSOCIATE TECHNICAL CONSULTANT,94266,SAN FRANCISCO CA,CA,9/10/2018,10/5/2018
ASSOCIATE VULNERABILITY MANAGEMENT SOFTWARE ENGINEER,102669,SAN FRANCISCO CA,CA,1/24/2018,7/11/2018
AVP COMMERCIAL SALES  GENERAL BUSINESS,166254,ATLANTA GA,GA,3/13/2018,8/12/2018
BACKUP ADMINISTRATOR,71240,INDIANAPOLIS IN,IN,1/15/2018,7/15/2018
BACKUP ADMINISTRATOR SYSTEMS ENGINEERING ASSOCIATE,71240,INDIANAPOLIS IN,IN,2/27/2018,7/15/2018
BIG DATA ENGINEER,83533,INDIANAPOLIS IN,IN,2/22/2018,8/2/2018
BIG DATA PERFORMANCE ENGINEER,122429,SAN FRANCISCO CA,CA,1/19/2018,7/17/2018
BUSINESS ANALYSIS MANAGER,118394,SAN FRANCISCO CA,CA,10/22/2018,4/9/2019
BUSINESS ANALYST,82763,SAN FRANCISCO CA,CA,1/25/2018,7/9/2018
BUSINESS ANALYST,100942,SAN FRANCISCO CA,CA,1/25/2018,2/5/2018
BUSINESS ANALYST,100942,SAN FRANCISCO CA,CA,2/1/2018,8/1/2018
BUSINESS DATA CONSULTANT,118394,SAN FRANCISCO CA,CA,8/20/2018,10/1/2018
BUSINESS DEVELOPMENT REPRESENTATIVE,51880,SAN FRANCISCO CA,CA,3/15/2018,9/12/2018
BUSINESS INTELLIGENCE ANALYST,82763,SAN FRANCISCO CA,CA,2/15/2018,7/18/2018
BUSINESS INTELLIGENCE ANALYST,89898,SAN FRANCISCO CA,CA,3/20/2018,9/19/2018
BUSINESS PROCESS SENIOR MANAGER,140046,SAN FRANCISCO CA,CA,1/11/2018,5/16/2018
BUSINESS SOLUTION ARCHITECT - ENTERPRISE DATA SERVICES,163134,SAN FRANCISCO CA,CA,4/2/2018,4/15/2018
BUSINESS SYSTEMS ANALYST,82763,SAN FRANCISCO CA,CA,3/2/2018,8/21/2018
BUSINESS SYSTEMS ANALYST,85176,HILLSBORO OR,OR,3/27/2018,9/20/2018
BUSINESS SYSTEMS SPECIALIST,89190,HILLSBORO OR,OR,1/17/2018,1/30/2018
BUSINESS VALUE SERVICES,110510,SAN FRANCISCO CA,CA,6/7/2018,6/18/2018
BUSINESS VALUE SERVICES SENIOR MANAGER,110510,SAN FRANCISCO CA,CA,6/19/2018,6/25/2018
CIRRICULUM DEVELOPER,62899,BURLINGTON MA,MA,2/1/2018,7/24/2018
COMPLIANCE & AUDIT SENIOR ANALYST,94328,SAN FRANCISCO CA,CA,11/2/2018,4/25/2019
COMPLIANCE AND AUDIT ANALYST,88442,SAN FRANCISCO CA,CA,2/22/2018,7/30/2018
CONTENT EXPERIENCE MANAGER,168189,SAN FRANCISCO CA,CA,9/26/2018,10/8/2018
CORPORATE MARKETING SENIOR MANAGER,151923,SAN FRANCISCO CA,CA,3/2/2018,8/17/2018
CREATIVE DESIGNER,49130,INDIANAPOLIS IN,IN,3/16/2018,9/15/2018
CREATIVE DESIGNER,49130,INDIANAPOLIS IN,IN,3/14/2018,7/26/2018
CREDITING ANALYST,89380,SAN FRANCISCO CA,CA,3/6/2018,9/4/2018
CSG PRODUCT DIRECTOR,157394,MIAMI BEACH FL,FL,2/21/2018,6/29/2018
CUSTOMER INTELLIGENCE ANALYST,82763,SAN FRANCISCO CA,CA,2/1/2018,7/31/2018
CUSTOMER INTELLIGENCE ANALYST,101587,SAN FRANCISCO CA,CA,2/15/2018,7/8/2018
CUSTOMER INTELLIGENCE DATA SCIENTIST,122824,SAN FRANCISCO CA,CA,3/12/2018,9/11/2018
CUSTOMER SUPPORT ENGINEER,72740,BURLINGTON MA,MA,3/10/2018,8/23/2018
DATA ANALYST,82763,SAN FRANCISCO CA,CA,3/16/2018,9/15/2018
DATA ANALYST,120432,SAN FRANCISCO CA,CA,3/6/2018,8/2/2018
DATA ENGINEER,113755,HERNDON VA,VA,1/29/2018,7/24/2018
DATA ENGINEER,141877,SAN FRANCISCO CA,CA,2/15/2018,7/18/2018
DATA ENGINEER,153774,SAN FRANCISCO CA,CA,1/25/2018,7/19/2018
DATA INSIGHTS ANALYST,82763,SAN FRANCISCO CA,CA,2/10/2018,7/9/2018
DATA INSIGHTS ANALYST,89898,SAN FRANCISCO CA,CA,3/20/2018,9/19/2018
DATA SCIENCE ENGINEER,142168,SAN FRANCISCO CA,CA,6/26/2018,11/23/2018
DATA SCIENTIST EMPLOYEE SUCCESS,101587,SAN FRANCISCO CA,CA,3/12/2018,9/11/2018
DATA SCIENTIST MTS,126027,CAMBRIDGE MA,MA,2/7/2018,2/19/2018
DATA SCIENTIST SMTS,163134,SAN FRANCISCO CA,CA,10/12/2018,10/15/2018
DATA SCIENTIST SMTS,163134,SAN FRANCISCO CA,CA,10/24/2018,11/5/2018
DATA WAREHOUSE ENGINEER,91270,INDIANAPOLIS IN,IN,5/23/2018,6/4/2018
DATABASE ADMIN & OPS SENIOR,94598,SALT LAKE CITY UT,UT,9/18/2018,3/12/2019
DATABASE ADMINISTRATOR,74131,SALT LAKE CITY UT,UT,2/1/2018,7/24/2018
DATABASE ENGINEER,120140,SAN FRANCISCO CA,CA,8/7/2018,1/29/2019
DATABASE ENGINEER SENIOR,157706,SAN FRANCISCO CA,CA,9/12/2018,9/24/2018
DATABASE PERFORMANCE ENGINEER,122429,SAN FRANCISCO CA,CA,1/31/2018,7/27/2018
DELIVERY MANAGER,123552,MCLEAN VA,VA,6/20/2018,7/2/2018
DEMO ENGINEER,79580,SAN FRANCISCO CA,CA,3/9/2018,7/10/2018
DEMO ENGINEER,86445,SAN FRANCISCO CA,CA,1/25/2018,7/10/2018
DEVELOPMENT SUPPORT ENGINEER,55980,BURLINGTON MA,MA,3/14/2018,8/16/2018
DEVOPS ENGINEER,147597,SAN FRANCISCO CA,CA,10/18/2018,10/29/2018
DIGITAL ADVISOR SR DIRECTOR,135886,NEW YORK NY,NY,3/4/2018,8/28/2018
DIGITAL ANALYST,63773,INDIANAPOLIS IN,IN,3/23/2018,9/22/2018
DIGITAL ANALYST,63773,INDIANAPOLIS IN,IN,3/23/2018,9/22/2018
DIRECTOR OF PRODUCT MANAGEMENT SEARCH,133099,SAN FRANCISCO CA,CA,7/25/2018,8/6/2018
DIRECTOR OF PRODUCT MANAGEMENT SEARCH,193482,SAN FRANCISCO CA,CA,6/27/2018,7/11/2018
DIRECTOR OF PRODUCT MANAGEMENT SEARCH,227240,SAN FRANCISCO CA,CA,6/29/2018,7/16/2018
DIRECTOR OF SECURITY EVANGELISM,197288,SAN FRANCISCO CA,CA,3/5/2018,8/10/2018
DIRECTOR SECURITY CUSTOMER ADVOCACY,201094,SAN FRANCISCO CA,CA,8/10/2018,8/27/2018
DIRECTOR DATABASE ENGINEERING,201094,SAN FRANCISCO CA,CA,8/2/2018,1/29/2019
DIRECTOR INFRASTRUCTURE SECURITY,227240,SAN FRANCISCO CA,CA,2/15/2018,8/5/2018
DIRECTOR MARKETING OPERATIONS,134600,SAN FRANCISCO CA,CA,3/13/2018,9/8/2018
DIRECTOR MARKETING OPERATIONS,147035,SAN FRANCISCO CA,CA,10/12/2018,11/1/2018
DIRECTOR PRODUCT DATA SCIENCE,195187,SAN FRANCISCO CA,CA,2/27/2018,8/24/2018
DIRECTOR PRODUCT DATA SCIENCE,195187,SAN FRANCISCO CA,CA,1/9/2018,6/18/2018
DIRECTOR PRODUCT MANAGEMENT,195187,SAN FRANCISCO CA,CA,2/5/2018,7/16/2018
DIRECTOR PRODUCT MANAGEMENT,195187,SAN FRANCISCO CA,CA,4/25/2018,5/7/2018
DIRECTOR PRODUCT MANAGEMENT,201094,SAN FRANCISCO CA,CA,11/8/2018,11/19/2018
DIRECTOR PRODUCT MARKETING,181813,SAN FRANCISCO CA,CA,8/16/2018,8/29/2018
DIRECTOR PROGRAM ARCHITECT,184246,WOODLAND HILLS CA,CA,6/11/2018,12/10/2018
DIRECTOR SALES STRATEGY & OPERATIONS,133099,SAN FRANCISCO CA,CA,7/12/2018,12/28/2018
DIRECTOR SALES STRATEGY & OPERATIONS,189197,SAN FRANCISCO CA,CA,5/17/2018,11/16/2018
DIRECTOR SOFTWARE ENGINEERING,142168,SAN FRANCISCO CA,CA,3/22/2018,8/24/2018
DIRECTOR SOFTWARE ENGINEERING,152984,SAN FRANCISCO CA,CA,3/9/2018,8/24/2018
DIRECTOR SOFTWARE ENGINEERING,173668,SAN FRANCISCO CA,CA,2/13/2018,8/11/2018
DIRECTOR SOFTWARE ENGINEERING,195187,SAN FRANCISCO CA,CA,2/21/2018,8/11/2018
DIRECTOR SOFTWARE ENGINEERING,195187,SAN FRANCISCO CA,CA,2/12/2018,8/11/2018
DIRECTOR SOFTWARE ENGINEERING,201094,SAN FRANCISCO CA,CA,10/4/2018,4/4/2019
DIRECTOR SOFTWARE ENGINEERING,201094,SAN FRANCISCO CA,CA,10/16/2018,4/16/2019
DIRECTOR SOFTWARE ENGINEERING,201094,SAN FRANCISCO CA,CA,7/17/2018,7/31/2018
DIRECTOR TECHNICAL OPERATIONS,195187,SAN FRANCISCO CA,CA,3/13/2018,9/11/2018
DIRECTOR TECHNICAL PROGRAM MANAGEMENT - AUTOMATION R&D,181522,BELLEVUE WA,WA,3/4/2018,8/22/2018
ENTERPRISE DATA SERVICE - MEMBER OF TECHNICAL STAFF,98925,DALLAS TX,TX,7/25/2018,8/6/2018
FULL - STACK SOFTWARE ENGINEER - APPLICATION DEVELOPMENT,142168,SAN FRANCISCO CA,CA,4/11/2018,4/18/2018
FULL STACK DATA ENGINEER,107786,PALO ALTO CA,CA,3/26/2018,8/26/2018
FULL STACK DATA ENGINEER,110864,PALO ALTO CA,CA,2/26/2018,8/26/2018
FULL-STACK SOFTWARE ENGINEER,142168,SAN FRANCISCO CA,CA,3/23/2018,4/2/2018
GLOBAL CONSUMER GOODS INDUSTRY SOLUTIONS LEADER,163134,SAN FRANCISCO CA,CA,3/6/2018,9/1/2018
GO TO MARKET SENIOR MANAGER,151986,SAN FRANCISCO CA,CA,3/29/2018,9/1/2018
GO TO MARKET SENIOR MANAGER,163134,SAN FRANCISCO CA,CA,3/6/2018,9/1/2018
IMPLEMENTATION ARCHITECT,115482,CHICAGO IL,IL,5/22/2018,6/4/2018
IMPLEMENTATION ARCHITECT,115482,CHICAGO IL,IL,6/12/2018,6/20/2018
INFORMATION SECURITY ENGINEER,111197,SAN FRANCISCO CA,CA,3/5/2018,7/31/2018
INNOVATION DIRECTOR RESEARCH,149261,SAN FRANCISCO CA,CA,11/1/2018,11/13/2018
IT DATABASE ENGINEER,109554,SAN FRANCISCO CA,CA,1/4/2018,4/27/2018
IT RELEASE MANAGER,142168,SAN FRANCISCO CA,CA,2/7/2018,2/26/2018
LAB MANAGER,143208,SAN FRANCISCO CA,CA,1/11/2018,1/22/2018
LEAD ACCOUNTANT,92206,SAN FRANCISCO CA,CA,10/10/2018,4/5/2019
LEAD ACCOUNTANT,105227,SAN FRANCISCO CA,CA,6/15/2018,11/27/2018
LEAD ACCOUNTANT,105227,SAN FRANCISCO CA,CA,6/28/2018,11/17/2018
LEAD APPLICATION SECURITY ENGINEER M&A,127920,BURLINGTON MA,MA,3/12/2018,3/19/2018
LEAD BIG DATA DEVOPS ENGINEER,134618,BELLEVUE WA,WA,3/13/2018,3/26/2018
LEAD CCE ENGINEER,122283,BURLINGTON MA,MA,10/12/2018,4/13/2019
LEAD DATA ENGINEER,155147,PALO ALTO CA,CA,1/19/2018,2/2/2018
LEAD DATA SCIENTIST,129106,SAN FRANCISCO CA,CA,5/2/2018,5/14/2018
LEAD DATABASE ENGINEER,129418,SAN FRANCISCO CA,CA,3/14/2018,8/31/2018
LEAD DISTRIBUTED SYSTEMS DEVELOPER,134618,BELLEVUE WA,WA,1/26/2018,2/5/2018
LEAD DISTRIBUTED SYSTEMS DEVELOPER SOFTWARE DEFINED SECURI,122450,BELLEVUE WA,WA,7/20/2018,8/6/2018
LEAD GROWTH ANALYST PRODUCT DATA SCIENCE,133141,SAN FRANCISCO WA,WA,2/12/2018,8/11/2018
LEAD MEMBER  OF TECHNICAL STAFF,142168,SAN FRANCISCO CA,CA,3/20/2018,9/7/2018
LEAD MEMBER OF TECHNICAL STAFF,133141,SAN FRANCISCO CA,CA,5/10/2018,5/21/2018
LEAD MEMBER OF TECHNICAL STAFF,134618,BELLEVUE WA,WA,2/8/2018,8/8/2018
LEAD MEMBER OF TECHNICAL STAFF,134618,BELLEVUE WA,WA,1/16/2018,1/29/2018
LEAD MEMBER OF TECHNICAL STAFF,142168,SAN FRANCISCO CA,CA,2/15/2018,2/26/2018
LEAD MEMBER OF TECHNICAL STAFF,142168,SAN FRANCISCO WA,WA,3/5/2018,8/31/2018
LEAD MEMBER OF TECHNICAL STAFF,154315,BELLEVUE WA,WA,9/25/2018,10/1/2018
LEAD MEMBER OF TECHNICAL STAFF,154315,BELLEVUE WA,WA,7/19/2018,7/30/2018
LEAD MEMBER OF TECHNICAL STAFF,157706,SAN FRANCISCO CA,CA,8/21/2018,1/25/2019
LEAD MEMBER OF TECHNICAL STAFF,174117,SAN FRANCISCO CA,CA,10/12/2018,10/15/2018
LEAD MEMBER OF TECHNICAL STAFF,174117,SAN FRANCISCO CA,CA,11/6/2018,5/7/2019
LEAD MEMBER OF TECHNICAL STAFF DATA MODELER,133141,SAN FRANCISCO CA,CA,5/9/2018,5/21/2018
LEAD MEMBER OF TECHNICAL STAFF INFRASTRUCTURE ENGINEER,152984,SAN FRANCISCO CA,CA,3/27/2018,9/5/2018
LEAD MEMBER OF TECHNICAL STAFF SOFTWARE ENGINEER,132080,BELLEVUE WA,WA,1/15/2018,7/15/2018
LEAD MEMBER OF TECHNICAL STAFF SOFTWARE ENGINEERING,153774,SAN FRANCISCO CA,CA,2/20/2018,8/20/2018
LEAD MEMBER OF THE TECHNICAL STAFF,157706,SAN FRANCISCO CA,CA,8/31/2018,9/17/2018
LEAD NETWORK ENGINEER,142168,SAN FRANCISCO CA,CA,4/5/2018,7/16/2018
LEAD PERFORMANCE AUTOMATION PERFORMANCE ENGINEER LMTS,142168,SAN FRANCISCO CA,CA,3/6/2018,8/31/2018
LEAD PRODUCT DESIGNER,84864,SAN FRANCISCO CA,CA,2/16/2018,8/15/2018
LEAD SITE RELIABILITY ENGINEER,157706,PALO ALTO CA,CA,10/30/2018,11/13/2018
LEAD SOFTWARE DATABASE ENGINEER,135491,HERNDON VA,VA,5/16/2018,5/16/2018
LEAD SOFTWARE ENGINEER,95805,INDIANAPOLIS IN,IN,3/15/2018,9/13/2018
LEAD SOFTWARE ENGINEER,100714,INDIANAPOLIS IN,IN,7/17/2018,7/31/2018
LEAD SOFTWARE ENGINEER,100714,INDIANAPOLIS IN,IN,8/30/2018,9/17/2018
LEAD SOFTWARE ENGINEER,134618,BELLEVUE WA,WA,2/6/2018,2/19/2018
LEAD SOFTWARE ENGINEER,135491,HERNDON VA,VA,5/8/2018,5/14/2018
LEAD SOFTWARE ENGINEER,135491,HERNDON CA,CA,5/2/2018,5/14/2018
LEAD SOFTWARE ENGINEER,142168,SAN FRANCISCO CA,CA,6/15/2018,12/14/2018
LEAD SOFTWARE ENGINEER,142168,SAN FRANCISCO CA,CA,3/3/2018,8/31/2018
LEAD SOFTWARE ENGINEER,142168,SAN FRANCISCO CA,CA,2/7/2018,7/30/2018
LEAD SOFTWARE ENGINEER,142168,SAN FRANCISCO CA,CA,4/3/2018,9/28/2018
LEAD SOFTWARE ENGINEER,142168,SAN FRANCISCO CA,CA,1/18/2018,6/25/2018
LEAD SOFTWARE ENGINEER,142168,SAN FRANCISCO CA,CA,3/14/2018,9/9/2018
LEAD SOFTWARE ENGINEER,142168,SAN FRANCISCO CA,CA,2/6/2018,6/25/2018
LEAD SOFTWARE ENGINEER,142168,SAN FRANCISCO CA,CA,2/7/2018,7/30/2018
LEAD SOFTWARE ENGINEER,142168,SAN FRANCISCO CA,CA,6/5/2018,6/19/2018
LEAD SOFTWARE ENGINEER,142168,SAN FRANCISCO CA,CA,3/26/2018,8/15/2018
LEAD SOFTWARE ENGINEER,142168,SAN FRANCISCO CA,CA,1/4/2018,6/25/2018
LEAD SOFTWARE ENGINEER,142168,SAN FRANCISCO CA,CA,4/3/2018,9/21/2018
LEAD SOFTWARE ENGINEER,147597,SAN FRANCISCO CA,CA,8/2/2018,1/31/2019
LEAD SOFTWARE ENGINEER,153774,SAN FRANCISCO CA,CA,4/3/2018,4/9/2018
LEAD SOFTWARE ENGINEER,153774,SAN FRANCISCO CA,CA,6/18/2018,6/25/2018
LEAD SOFTWARE ENGINEER,154315,BELLEVUE WA,WA,8/6/2018,8/20/2018
LEAD SOFTWARE ENGINEER,157706,SAN FRANCISCO CA,CA,10/30/2018,11/13/2018
LEAD SOFTWARE ENGINEER,157706,SAN FRANCISCO CA,CA,9/6/2018,2/14/2019
LEAD SOFTWARE ENGINEER,164674,PALO ALTO CA,CA,10/1/2018,10/8/2018
LEAD SOFTWARE ENGINEER,174117,PALO ALTO CA,CA,9/25/2018,10/1/2018
LEAD SOFTWARE ENGINEER,174117,SAN FRANCISCO CA,CA,9/27/2018,10/8/2018
LEAD SOFTWARE ENGINEER,174117,SAN FRANCISCO CA,CA,9/27/2018,3/22/2019
LEAD SOFTWARE ENGINEER,174117,SAN FRANCISCO CA,CA,7/10/2018,7/16/2018
LEAD SOFTWARE ENGINEER,174117,SAN FRANCISCO CA,CA,8/27/2018,2/6/2019
LEAD SOFTWARE ENGINEER,174117,SAN FRANCISCO CA,CA,9/11/2018,3/11/2019
LEAD SOFTWARE ENGINEER - INFRASTRUCTURE,153774,SAN FRANCISCO CA,CA,6/20/2018,7/2/2018
LEAD SOFTWARE ENGINEER - PLATFORM DEVELOPMENT,153774,SAN FRANCISCO CA,CA,2/26/2018,3/12/2018
LEAD SOFTWARE ENGINEER PERFORMANCE,174117,SAN FRANCISCO CA,CA,9/11/2018,9/24/2018
LEAD SOFTWARE QUALITY ENGINEER,174117,SAN FRANCISCO CA,CA,10/1/2018,10/8/2018
LEAD SOLUTION ENGINEER,114026,NEW YORK NY,NY,3/27/2018,9/25/2018
LEAD SOLUTION ENGINEER,120245,SAN FRANCISCO CA,CA,6/12/2018,9/28/2018
LEAD SOLUTION ENGINEER - PLATFORM,119226,CHICAGO IL,IL,1/19/2018,2/5/2018
LEAD SOLUTIONS MANAGER,156686,SAN FRANCISCO CA,CA,8/17/2018,9/3/2018
LEAD SOLUTIONS MANAGER,168189,SAN FRANCISCO CA,CA,9/5/2018,9/19/2018
LEAD SYSTEMS SPECIALIST,121930,DALLAS TX,TX,10/17/2018,10/22/2018
LEAD TECHNICAL WRITER,100942,SAN FRANCISCO CA,CA,1/24/2018,7/2/2018
LEAD UX ENGINEER ACCESSIBILITY,142168,SAN FRANCISCO CA,CA,2/16/2018,8/15/2018
LMTS SOFTWARE ENGINEER,142168,SAN FRANCISCO CA,CA,2/9/2018,8/2/2018
LMTS SOFTWARE ENGINEERING,142168,SAN FRANCISCO CA,CA,5/15/2018,5/28/2018
LMTS SOFTWARE ENGINEERING,147597,SAN FRANCISCO CA,CA,9/25/2018,3/21/2019
LMTS SOFTWARE ENGINEERING,147597,SAN FRANCISCO CA,CA,11/8/2018,3/18/2019
LMTS SOFTWARE ENGINEERING,174117,SAN FRANCISCO CA,CA,10/23/2018,4/20/2019
LMTS SOFTWARE ENGINEERING,174117,SAN FRANCISCO CA,CA,11/9/2018,4/20/2019
LMTS SOFTWARE ENGINEERING,174117,SAN FRANCISCO CA,CA,8/30/2018,2/26/2019
MAKER EDUCATION INITIATIVES MANAGER,151424,SAN FRANCISCO CA,CA,3/22/2018,4/2/2018
MAKER EDUCATION INITIATIVES MANAGER,151424,SAN FRANCISCO CA,CA,2/27/2018,8/16/2018
MANAGER - DATABASE PERFORMANCE,163134,SAN FRANCISCO CA,CA,4/13/2018,10/1/2018
MANAGER SOFTWARE ENGINEER,142168,SAN FRANCISCO CA,CA,4/27/2018,5/4/2018
MANAGER CORPORATE DEVELOPMENT,121784,SAN FRANCISCO CA,CA,9/28/2018,10/15/2018
MANAGER CUSTOMER SUCCESS STRATEGY,110510,SAN FRANCISCO CA,CA,3/14/2018,7/29/2018
MANAGER CUSTOMER SUCCESS STRATEGY,119246,SAN FRANCISCO CA,CA,2/1/2018,7/29/2018
MANAGER DEAL DESK,114650,SAN FRANCISCO CA,CA,4/6/2018,10/1/2018
MANAGER EMPLOYEE COMPENSATION,126547,SAN FRANCISCO CA,CA,2/2/2018,8/2/2018
MANAGER FINANCIAL SERVICES,110698,NEW YORK NY,NY,2/27/2018,8/24/2018
MANAGER GLOBAL SALES COMPENSATION ANALYTICS,117100,SAN FRANCISCO CA,CA,10/24/2018,10/30/2018
MANAGER GLOBAL SALES COMPENSATION ANALYTICS,115482,SAN FRANCISCO WA,WA,2/12/2018,8/9/2018
MANAGER PRICING ANALYTICS AND PRODUCT,147035,SAN FRANCISCO CA,CA,8/30/2018,9/10/2018
MANAGER SALES STRATEGY,110510,SAN FRANCISCO CA,CA,3/5/2018,8/20/2018
MANAGER SOFTWARE DEVELOPMENT,132184,INDIANAPOLIS IN,IN,4/19/2018,4/30/2018
MANAGER SOFTWARE ENGINEERING,123375,SAN FRANCISCO CA,CA,1/17/2018,1/17/2018
MANAGER SOFTWARE ENGINEERING,142168,SAN FRANCISCO CA,CA,1/27/2018,1/27/2018
MANAGER SOFTWARE ENGINEERING,142168,SAN FRANCISCO CA,CA,4/11/2018,4/23/2018
MANAGER SOFTWARE ENGINEERING,142501,SAN FRANCISCO CA,CA,8/15/2018,2/12/2019
MANAGER SOFTWARE ENGINEERING,161169,SAN FRANCISCO CA,CA,3/26/2018,4/2/2018
MANAGER SOFTWARE ENGINEERING,163134,SAN FRANCISCO CA,CA,3/15/2018,5/18/2018
MANAGER SOFTWARE ENGINEERING,163134,SAN FRANCISCO CA,CA,5/16/2018,11/13/2018
MANAGER SOFTWARE ENGINEERING,163134,SAN FRANCISCO CA,CA,1/3/2018,5/18/2018
MANAGER SOFTWARE ENGINEERING,163134,SAN FRANCISCO CA,CA,3/23/2018,5/18/2018
MANAGER SOFTWARE ENGINEERING,163134,SAN FRANCISCO CA,CA,5/21/2018,11/20/2018
MANAGER SOFTWARE ENGINEERING,168189,SAN FRANCISCO CA,CA,10/19/2018,10/29/2018
MANAGER SOFTWARE ENGINEERING,168189,SAN FRANCISCO CA,CA,11/18/2018,11/26/2018
MANAGER SOLUTION ENGINEERING TALENT DEVELOPMENT PLATFORM,97427,INDIANAPOLIS IN,IN,4/25/2018,5/2/2018
MANAGER SYSTEMS SPECIALIST,134181,DALLAS TX,TX,11/7/2018,11/16/2018
MANAGER SYSTEMS SPECIALISTS,123375,SAN FRANCISCO CA,CA,1/25/2018,2/5/2018
MANAGER TERRITORY OPERATIONS,110510,SAN FRANCISCO CA,CA,3/12/2018,8/2/2018
MARKETING OPERATIONS SENIOR ANALYST,94411,SAN FRANCISCO CA,CA,5/23/2018,6/1/2018
MARKETING OPERATIONS SENIOR ANALYST,101587,SAN FRANCISCO CA,CA,5/23/2018,6/1/2018
MASTER ENTERPRISE ARCHITECT,154731,SAN FRANCISCO CA,CA,3/16/2018,9/15/2018
MEMBER  OF TECHNICAL STAFF,87859,BURLINGTON MA,MA,4/3/2018,9/26/2018
MEMBER OF TECHNICAL STAF,95805,INDIANAPOLIS IN,IN,3/8/2018,3/19/2018
MEMBER OF TECHNICAL STAFF,117720,SAN FRANCISCO CA,CA,3/4/2018,8/28/2018
MEMBER OF TECHNICAL STAFF,95805,INDIANAPOLIS IN,IN,3/26/2018,3/27/2018
MEMBER OF TECHNICAL STAFF,103022,HILLSBORO OR,OR,2/7/2018,2/20/2018
MEMBER OF TECHNICAL STAFF,109886,DALLAS TX,TX,11/2/2018,11/14/2018
MEMBER OF TECHNICAL STAFF,109886,DALLAS TX,TX,11/7/2018,11/20/2018
MEMBER OF TECHNICAL STAFF,109886,DALLAS TX,TX,11/7/2018,11/19/2018
MEMBER OF TECHNICAL STAFF,109886,DALLAS TX,TX,11/7/2018,11/20/2018
MEMBER OF TECHNICAL STAFF,121077,SAN FRANCISCO CA,CA,9/12/2018,9/24/2018
MEMBER OF TECHNICAL STAFF,122429,SAN FRANCISCO CA,CA,5/31/2018,11/17/2018
MEMBER OF TECHNICAL STAFF,122429,SAN FRANCISCO CA,CA,5/21/2018,11/17/2018
MEMBER OF TECHNICAL STAFF,122429,SAN FRANCISCO CA,CA,1/12/2018,1/24/2018
MEMBER OF TECHNICAL STAFF,122429,SAN FRANCISCO CA,CA,2/15/2018,8/15/2018
MEMBER OF TECHNICAL STAFF,122429,SAN FRANCISCO CA,CA,2/24/2018,8/16/2018
MEMBER OF TECHNICAL STAFF,134618,BELLEVUE WA,WA,2/6/2018,2/19/2018
MEMBER OF TECHNICAL STAFF,142168,SAN FRANCISCO CA,CA,6/11/2018,6/25/2018
MEMBER OF TECHNICAL STAFF,142168,SAN FRANCISCO CA,CA,1/5/2018,1/16/2018
MEMBER OF TECHNICAL STAFF,147597,SAN FRANCISCO CA,CA,11/15/2018,11/26/2018
MEMBER OF TECHNICAL STAFF  SOFTWARE ENGINEERING,122429,SAN FRANCISCO CA,CA,3/1/2018,8/15/2018
MEMBER OF TECHNICAL STAFF  SOFTWARE ENGINEERING,135990,SAN FRANCISCO CA,CA,3/20/2018,5/16/2018
MEMBER OF TECHNICAL STAFF  SOFTWARE ENGINEERING,135990,SAN FRANCISCO CA,CA,3/1/2018,8/16/2018
MEMBER OF TECHNICAL STAFF QUALITY ASSURANCE,101338,MOUNTAIN HOUSE CA,CA,3/20/2018,4/2/2018
MEMBER OF TECHNICAL STAFF SOFTWARE ENGINEERING,122429,SAN FRANCISCO CA,CA,3/26/2018,4/2/2018
MEMBER OF TECHNICAL STAFF/JAVA ENGINEER - HEALTH CLOUD,142168,SAN FRANCISCO CA,CA,5/1/2018,5/14/2018
MEMBER TECHNICAL STAFF,95805,INDIANAPOLIS IN,IN,3/19/2018,9/14/2018
MTS - SOFTWARE ENGINEER,93538,DALLAS TX,TX,9/18/2018,10/1/2018
MTS - SOFTWARE ENGINEER,93538,DALLAS TX,TX,9/21/2018,10/1/2018
MTS - SOFTWARE ENGINEER,108784,DALLAS TX,TX,9/21/2018,10/1/2018
MTS - SOFTWARE ENGINEER,108784,DALLAS TX,TX,9/20/2018,10/1/2018
MTS - SOFTWARE ENGINEER,109886,DALLAS TX,TX,10/5/2018,10/15/2018
MTS - SOFTWARE ENGINEER,109886,DALLAS TX,TX,9/18/2018,10/2/2018
MTS - SOFTWARE ENGINEERING,95805,INDIANAPOLIS IN,IN,6/12/2018,12/11/2018
MTS - SOFTWARE ENGINEERING,109886,DALLAS TX,TX,8/30/2018,9/17/2018
MTS - SOFTWARE ENGINEERING,109886,DALLAS TX,TX,8/31/2018,9/17/2018
MTS SOFTWARE ENGINEER,95805,INDIANAPOLIS IN,IN,1/11/2018,1/11/2018
MTS SOFTWARE ENGINEER,122429,SAN FRANCISCO CA,CA,3/9/2018,8/2/2018
MTS SOFTWARE ENGINEER IN TEST,114026,NEW YORK NY,NY,5/8/2018,11/6/2018
MTS FORCECOM DEVELOPER,117720,SAN FRANCISCO CA,CA,4/26/2018,10/19/2018
MTS QUALITY ENGINEERING,121077,SAN FRANCISCO CA,CA,10/24/2018,4/25/2019
MTS SOFTWARE ENGINEER,117720,SAN FRANCISCO CA,CA,3/6/2018,8/2/2018
MTS SOFTWARE ENGINEER,117720,SAN FRANCISCO CA,CA,3/6/2018,7/15/2018
MTS SOFTWARE ENGINEER,71240,INDIANAPOLIS IN,IN,1/15/2018,7/15/2018
MTS SOFTWARE ENGINEER,77667,SALT LAKE CITY UT,UT,3/10/2018,7/24/2018
MTS SOFTWARE ENGINEER,83533,INDIANAPOLIS IN,IN,3/6/2018,9/4/2018
MTS SOFTWARE ENGINEER,87859,BURLINGTON MA,MA,2/21/2018,7/9/2018
MTS SOFTWARE ENGINEER,95805,INDIANAPOLIS IN,IN,2/13/2018,8/13/2018
MTS SOFTWARE ENGINEER,102669,SAN FRANCISCO CA,CA,3/6/2018,8/23/2018
MTS SOFTWARE ENGINEER,109325,SAN FRANCISCO CA,CA,2/22/2018,8/2/2018
MTS SOFTWARE ENGINEER,122429,SAN FRANCISCO CA,CA,1/24/2018,7/23/2018
MTS SOFTWARE ENGINEER,122429,SAN FRANCISCO CA,CA,1/15/2018,7/15/2018
MTS SOFTWARE ENGINEER,122429,SAN FRANCISCO CA,CA,2/14/2018,8/13/2018
MTS SOFTWARE ENGINEER,122429,SAN FRANCISCO CA,CA,1/30/2018,7/24/2018
MTS SOFTWARE ENGINEER,122429,SAN FRANCISCO CA,CA,1/19/2018,7/18/2018
MTS SOFTWARE ENGINEER,122429,SAN FRANCISCO CA,CA,1/24/2018,7/23/2018
MTS SOFTWARE ENGINEER,122429,SAN FRANCISCO CA,CA,1/25/2018,7/19/2018
MTS SOFTWARE ENGINEER,122429,SAN FRANCISCO CA,CA,1/15/2018,7/15/2018
MTS SOFTWARE ENGINEER,122429,SAN FRANCISCO CA,CA,1/15/2018,7/15/2018
MTS SOFTWARE ENGINEER,122429,SAN FRANCISCO CA,CA,2/7/2018,8/6/2018
MTS SOFTWARE ENGINEER,122429,SAN FRANCISCO CA,CA,1/29/2018,7/24/2018
MTS SOFTWARE ENGINEER,122429,SAN FRANCISCO CA,CA,1/15/2018,7/15/2018
MTS SOFTWARE ENGINEER,122429,SAN FRANCISCO CA,CA,1/15/2018,7/11/2018
MTS SOFTWARE ENGINEER,122429,SAN FRANCISCO CA,CA,2/7/2018,8/6/2018
MTS SOFTWARE ENGINEER,125549,SANTA MONICA CA,CA,1/26/2018,7/24/2018
MTS SOFTWARE ENGINEERING,83533,INDIANAPOLIS IN,IN,4/13/2018,8/27/2018
MTS SOFTWARE ENGINEERING,100714,INDIANAPOLIS IN,IN,10/8/2018,4/5/2019
MTS SOFTWARE ENGINEERING,107370,HILLSBORO OR,OR,9/10/2018,3/8/2019
MTS SOFTWARE ENGINEERING,108784,DALLAS TX,TX,10/23/2018,11/5/2018
MTS SOFTWARE ENGINEERING,122429,SAN FRANCISCO CA,CA,6/18/2018,7/23/2018
MTS SOFTWARE ENGINEERING,122429,SAN FRANCISCO CA,CA,2/26/2018,7/6/2018
MTS SOFTWARE ENGINEERING,122429,SAN FRANCISCO CA,CA,3/2/2018,8/24/2018
MTS SOFTWARE ENGINEERING,142168,SAN FRANCISCO CA,CA,4/17/2018,8/24/2018
MTS- SOFTWARE ENGINEER,109886,DALLAS TX,TX,10/19/2018,11/5/2018
MTS- SOFTWARE ENGINEER,109886,DALLAS TX,TX,10/29/2018,11/13/2018
NETWORK ENGINEER,93371,SAN FRANCISCO CA,CA,6/14/2018,6/25/2018
NETWORK ENGINEER,97115,DALLAS TX,TX,8/28/2018,9/5/2018
NETWORK ENGINEER,106517,SAN FRANCISCO CA,CA,7/2/2018,7/16/2018
NETWORK ENGINEER/DEVELOPER,161179,SAN FRANCISCO CA,CA,5/17/2018,11/15/2018
NETWORK SECURITY OPERATIONS ENGINEER,95680,INDIANAPOLIS IN,IN,2/10/2018,7/11/2018
OPERATIONS ANALYST,82763,SAN FRANCISCO CA,CA,3/4/2018,9/1/2018
PERFORMANCE ENGINEER,110440,BURLINGTON MA,MA,3/5/2018,9/3/2018
PERFORMANCE ENGINEER,114858,BURLINGTON MA,MA,2/11/2018,6/8/2018
PERFORMANCE ENGINEER,135990,SAN FRANCISCO CA,CA,6/4/2018,6/11/2018
PERFORMANCE ENGINEER,142168,SAN FRANCISCO CA,CA,2/22/2018,8/16/2018
PLATFORM SPECIALIST,55340,INDIANAPOLIS IN,IN,3/9/2018,9/5/2018
PLATFORM SPECIALIST,55328,INDIANAPOLIS IN,IN,3/28/2018,9/15/2018
PLATFORM SPECIALIST,57554,INDIANAPOLIS IN,IN,3/15/2018,9/13/2018
PLATFORM SPECIALIST,57554,INDIANAPOLIS IN,IN,3/16/2018,9/15/2018
PLATFORM SPECIALIST,57554,INDIANAPOLIS IN,IN,3/12/2018,8/2/2018
PLATFORM SPECIALIST SCOUT,53200,INDIANAPOLIS IN,IN,3/19/2018,9/15/2018
PMTS SOFTWARE ENGINEER - MONITORING SERVICE,153774,SAN FRANCISCO CA,CA,5/21/2018,11/9/2018
PRINCIPAL ARCHITECT,142168,SAN FRANCISCO CA,CA,3/2/2018,8/16/2018
PRINCIPAL DATA SCIENTIST,172515,MOUNTAIN VIEW CA,CA,6/22/2018,7/9/2018
PRINCIPAL ENTERPRISE ARCHITECT,112403,NAPERVILLE IL,IL,9/11/2018,3/1/2019
PRINCIPAL MEMBER OF TECHNICAL STAFF,107952,TAMPA FL,FL,4/30/2018,10/26/2018
PRINCIPAL MEMBER OF TECHNICAL STAFF,124654,POWAY CA,CA,7/20/2018,8/6/2018
PRINCIPAL MEMBER OF TECHNICAL STAFF,151590,BELLEVUE WA,WA,3/28/2018,4/9/2018
PRINCIPAL MEMBER OF TECHNICAL STAFF,153774,SAN FRANCISCO CA,CA,4/27/2018,10/1/2018
PRINCIPAL MEMBER OF TECHNICAL STAFF,153774,SAN FRANCISCO CA,CA,4/3/2018,10/1/2018
PRINCIPAL MEMBER OF TECHNICAL STAFF,157706,SAN FRANCISCO CA,CA,8/21/2018,9/3/2018
PRINCIPAL MEMBER OF THE TECHNICAL STAFF,142168,SAN FRANCISCO CA,CA,2/1/2018,2/15/2018
PRINCIPAL NETWORK SECURITY DEVELOPER,157706,SAN FRANCISCO CA,CA,7/20/2018,8/6/2018
PRINCIPAL QUALITY ENGINEER,95805,INDIANAPOLIS IN,IN,1/9/2018,7/2/2018
PRINCIPAL SOFTWARE ENGINEER,153774,SAN FRANCISCO CA,CA,2/20/2018,8/20/2018
PRINCIPAL SOFTWARE ENGINEER,153774,SAN FRANCISCO CA,CA,2/14/2018,8/13/2018
PRINCIPAL SOFTWARE ENGINEER,153774,SAN FRANCISCO CA,CA,1/9/2018,6/11/2018
PRINCIPAL SOFTWARE ENGINEER,155147,SAN FRANCISCO CA,CA,1/4/2018,1/8/2018
PRINCIPAL SOFTWARE ENGINEER,163134,SAN FRANCISCO CA,CA,2/23/2018,8/11/2018
PRINCIPAL SOFTWARE ENGINEER,174117,SAN FRANCISCO CA,CA,10/8/2018,4/7/2019
PRINCIPAL SOFTWARE ENGINEER,174117,SAN FRANCISCO CA,CA,11/5/2018,5/1/2019
PRINCIPAL SOFTWARE ENGINEER,195187,SAN FRANCISCO CA,CA,2/28/2018,8/24/2018
PRINCIPAL SOFTWARE ENGINEER DIST SYS SW DEFINED NETWORKING,138778,BELLEVUE WA,WA,9/24/2018,10/1/2018
PRINCIPAL SUCCESS ACCOUNT MANAGER,136700,SAN FRANCISCO CA,CA,3/19/2018,8/31/2018
PRINCIPAL SUCCESS ACCOUNT MANAGER,142168,SAN FRANCISCO WA,WA,3/5/2018,8/31/2018
PRINCIPAL SUCCESS SPECIALIST,83366,CHICAGO IL,IL,3/19/2018,4/2/2018
PRINCIPAL SUCCESS SPECIALIST,89419,CHICAGO IL,IL,2/26/2018,3/12/2018
PRINCIPAL SYSTEMS ENGINEER,174117,SAN FRANCISCO CA,CA,7/3/2018,7/17/2018
PRODUCT DESIGNER,84864,SAN FRANCISCO CA,CA,2/15/2018,7/30/2018
PRODUCT DESIGNER,84864,SAN FRANCISCO CA,CA,3/13/2018,9/11/2018
PRODUCT MANAGER,88005,INDIANAPOLIS IN,IN,3/5/2018,7/26/2018
PRODUCT MANAGER,97510,BURLINGTON MA,MA,3/2/2018,8/28/2018
PRODUCT MANAGER,104478,INDIANAPOLIS IN,IN,11/8/2018,3/28/2019
PRODUCT MANAGER,120432,SAN FRANCISCO CA,CA,2/13/2018,2/27/2018
PRODUCT MANAGER,120432,SAN FRANCISCO CA,CA,2/15/2018,7/29/2018
PRODUCT MANAGER,120432,SAN FRANCISCO CA,CA,2/15/2018,2/27/2018
PRODUCT MANAGER,129293,SAN FRANCISCO CA,CA,2/15/2018,2/27/2018
PRODUCT MANAGER,129293,SAN FRANCISCO CA,CA,2/13/2018,2/27/2018
PRODUCT MANAGER,142501,SAN FRANCISCO CA,CA,11/5/2018,5/7/2019
PRODUCT MANAGER,151923,SAN FRANCISCO CA,CA,6/29/2018,7/16/2018
PRODUCT MANAGER,163134,SAN FRANCISCO CA,CA,6/24/2018,7/2/2018
PRODUCT MANAGER STRATEGIC EVENTS,133141,SAN FRANCISCO CA,CA,6/4/2018,6/5/2018
PRODUCT SECURITY,98592,BURLINGTON MA,MA,3/7/2018,8/23/2018
PRODUCT SECURITY ENGINEER,122429,SAN FRANCISCO CA,CA,3/21/2018,9/20/2018
PRODUCT SECURITY ENGINEER,136926,SAN FRANCISCO CA,CA,8/7/2018,8/20/2018
PRODUCT SECURITY ENGINEER,136926,SAN FRANCISCO CA,CA,9/11/2018,9/24/2018
PROGRAM ARCHITECT,86715,IRVINE CA,CA,3/20/2018,9/19/2018
PROGRAM ARCHITECT,94494,IRVINE CA,CA,2/8/2018,8/8/2018
PROGRAM ARCHITECT,118456,SAN FRANCISCO CA,CA,9/19/2018,10/1/2018
PROGRAM ARCHITECT,124654,POWAY CA,CA,9/27/2018,10/8/2018
PROGRAM ARCHITECT,135117,AUSTIN TX,TX,7/5/2018,7/23/2018
PROGRAM ARCHITECT,138861,HACKENSACK NJ,NJ,7/10/2018,7/23/2018
PROGRAM ARCHITECT,155147,MOUNTAIN VIEW CA,CA,5/18/2018,5/25/2018
PROGRAM ARCHITECT,156666,PLANO TX,TX,6/28/2018,7/13/2018
PROGRAM ARCHITECT,164674,VOORHES NJ,NJ,7/12/2018,7/23/2018
PROGRAM ARCHITECT,164674,VOORHES NJ,NJ,7/12/2018,7/23/2018
PROGRAM ARCHITECT,164674,MOUNTAIN VIEW CA,CA,7/12/2018,7/23/2018
PROGRAM ARCHITECT,164674,VOORHES NJ,NJ,7/12/2018,7/23/2018
PROGRAM COORDINATOR,90917,SAN FRANCISCO CA,CA,5/9/2018,5/21/2018
PROGRAM MANAGER,130000,SAN FRANCISCO CA,CA,3/15/2018,9/8/2018
PROGRAM MANAGER VOLUNTEERISM,78166,NEW YORK NY,NY,3/12/2018,9/7/2018
PROGRAM MANAGER VOLUNTEERISM,78166,NEW YORK NY,NY,4/14/2018,5/10/2018
QA ENGINEER,122429,SAN FRANCISCO CA,CA,3/30/2018,4/15/2018
QUALITY ENGINEER MEMBER OF TECHNICAL STAFF,122429,SAN FRANCISCO CA,CA,5/30/2018,11/23/2018
QUALITY ENGINEER SENIOR MEMBER OF TECHNICAL STAFF,91270,INDIANAPOLIS IN,IN,4/6/2018,4/13/2018
QUALITY ENGINEERING LMTS,142168,SAN FRANCISCO CA,CA,4/20/2018,10/12/2018
QUALITY ENGINEERING SMTS,95805,INDIANAPOLIS IN,IN,2/15/2018,8/15/2018
REGIONAL TEAM LEAD DEVELOPER SUPPORT,81900,HILLSBORO OR,OR,3/6/2018,9/2/2018
RELEASE ENGINEER,117720,SAN FRANCISCO CA,CA,3/5/2018,7/30/2018
RELEASE ENGINEER,117720,SAN FRANCISCO CA,CA,3/7/2018,9/6/2018
RELEASE ENGINEER,142168,SAN FRANCISCO CA,CA,1/11/2018,6/25/2018
RELEASE ENGINEERING SENIOR,142168,SAN FRANCISCO CA,CA,6/11/2018,12/10/2018
RELEASE MANAGER,134181,DALLAS TX,TX,8/23/2018,9/10/2018
RELEASE MANAGER,142168,SAN FRANCISCO CA,CA,4/19/2018,4/26/2018
RESEARCH SCIENTIST,172515,PALO ALTO CA,CA,2/10/2018,7/24/2018
RUNTIME ENGINEERING MANAGER,168189,SAN FRANCISCO CA,CA,8/2/2018,12/31/2018
RUNTIME ENGINEERING MANAGER,168189,SAN FRANCISCO CA,CA,8/8/2018,2/7/2019
RVP BUSINESS MANAGER,161470,OVERLAND PARK KS,KS,3/7/2018,9/6/2018
SALES AND MARKETING DATA SCIENCE SENIOR MANAGER,131082,SAN FRANCISCO CA,CA,6/12/2018,6/25/2018
SALES DEVELOPMENT REPRESENTATIVE ,41662,SAN FRANCISCO CA,CA,1/25/2018,7/9/2018
SALESFORCE IQ - SOFTWARE ENGINEERING SMTS,155147,PALO ALTO CA,CA,6/11/2018,6/25/2018
SECURITY DEVELOPER,111197,SAN FRANCISCO CA,CA,2/9/2018,8/7/2018
SECURITY ENGINEER - PRODUCT SECURITY,133931,SAN FRANCISCO CA,CA,1/17/2018,1/24/2018
SECURITY RESEARCHER,133931,SAN FRANCISCO CA,CA,2/23/2018,8/22/2018
SECURITY RISK MANAGER - ASSESSMENTS,133786,SAN FRANCISCO CA,CA,10/5/2018,10/15/2018
SENIOR ACCOUNT EXECUTIVE - SOCIAL,87485,SAN FRANCISCO CA,CA,3/20/2018,9/19/2018
SENIOR ANALYST CLOUD GTM STRATEGY AND OPERATIONS,82763,SAN FRANCISCO CA,CA,2/2/2018,7/24/2018
SENIOR ANALYST CLOUD GTM STRATEGY AND OPERATIONS,94411,SAN FRANCISCO CA,CA,3/23/2018,7/24/2018
SENIOR ANALYST BUSINESS OPERATIONS AND STRATEGY,110032,BELLEVUE WA,WA,8/31/2018,9/10/2018
SENIOR ANALYST SALES STRATEGY & OPERATIONS,100506,SAN FRANCISCO CA,CA,7/10/2018,7/23/2018
SENIOR ANALYST SALES STRATEGY & OPERATIONS,112362,SAN FRANCISCO CA,CA,7/10/2018,7/23/2018
SENIOR ANALYST TECHNOLOGY COMPLIANCE,119205,SAN FRANCISCO CA,CA,6/13/2018,12/12/2018
SENIOR ASSOCIATE GRAPHIC DESIGN,84864,SAN FRANCISCO CA,CA,2/22/2018,8/15/2018
SENIOR ASSOCIATE GRAPHIC DESIGN,84864,SAN FRANCISCO CA,CA,3/6/2018,8/15/2018
SENIOR BUSINESS ANALYST,115482,SAN FRANCISCO CA,CA,6/7/2018,6/18/2018
SENIOR BUSINESS ANALYST,122429,SAN FRANCISCO CA,CA,1/9/2018,6/6/2018
SENIOR BUSINESS DEVELOPMENT ANALYST,97573,NEW YORK NY,NY,8/23/2018,8/27/2018
SENIOR BUSINESS INTELLIGENCE SYSTEMS ADMINISTRATOR,122782,DALLAS TX,TX,10/8/2018,10/22/2018
SENIOR BUSINESS INTELLIGENCE SYSTEMS ANALYST,142168,SAN FRANCISCO CA,CA,4/10/2018,9/21/2018
SENIOR BUSINESS INTELLIGENCE SYSTEMS SPECIALIST,129418,SAN FRANCISCO CA,CA,3/14/2018,8/31/2018
SENIOR BUSINESS SYSTEMS ANALYST,103022,HILLSBORO OR,OR,1/9/2018,1/15/2018
SENIOR CONSULTANT,106954,NEW YORK NY,NY,6/8/2018,6/18/2018
SENIOR CUSTOMER SUCCESS ENGINEER,117000,ALPHARETTA GA,GA,10/29/2018,11/13/2018
SENIOR CUSTOMER SUCCESS ENGINEER,123365,CHICAGO IL,IL,10/12/2018,10/29/2018
SENIOR DATA SCIENCE ENGINEER,160930,SAN FRANCISCO CA,CA,1/26/2018,2/12/2018
SENIOR DATA SCIENTIST,129106,SAN FRANCISCO CA,CA,3/4/2018,8/28/2018
SENIOR DATA SCIENTIST,129106,SAN FRANCISCO CA,CA,3/6/2018,7/30/2018
SENIOR DATA SCIENTIST,141877,SAN FRANCISCO CA,CA,2/8/2018,8/8/2018
SENIOR DATA SCIENTIST,147347,PALO ALTO CA,CA,3/12/2018,9/11/2018
SENIOR DATABASE ADMINISTRATOR,124946,SAN FRANCISCO CA,CA,10/2/2018,4/2/2019
SENIOR DATABASE ENGINEER,124946,SAN FRANCISCO CA,CA,10/11/2018,4/12/2019
SENIOR DEMO ENGINEER,86440,SAN FRANCISCO CA,CA,3/12/2018,8/1/2018
SENIOR DETECTION CLOUD ENGINEER,133931,SAN FRANCISCO CA,CA,5/10/2018,5/21/2018
SENIOR DEVOPS ENGINEER,138091,SAN FRANCISCO CA,CA,10/19/2018,11/5/2018
SENIOR DEVOPS ENGINEER,147597,SAN FRANCISCO CA,CA,10/24/2018,11/5/2018
SENIOR DEVOPS ENGINEER,155106,PALO ALTO CA,CA,9/12/2018,9/24/2018
SENIOR DIRECTOR,229653,SAN FRANCISCO CA,CA,5/11/2018,7/1/2018
SENIOR DIRECTOR,229653,SAN FRANCISCO CA,CA,2/25/2018,8/16/2018
SENIOR DIRECTOR ADVISORY SERVICES,124654,SKILLMAN NJ,NJ,4/19/2018,8/17/2018
SENIOR DIRECTOR ADVISORY SERVICES,124654,SKILLMAN NJ,NJ,2/27/2018,8/17/2018
SENIOR DIRECTOR CUSTOMER SUCCESS,188510,ARMONK NY,NY,3/14/2018,7/26/2018
SENIOR DIRECTOR PRODUCT MANAGEMENT,122450,BELLEVUE WA,WA,7/9/2018,7/23/2018
SENIOR DIRECTOR PRODUCT MANAGEMENT,195187,SAN FRANCISCO CA,CA,2/14/2018,7/16/2018
SENIOR DIRECTOR PRODUCT MANAGEMENT,201094,SAN FRANCISCO CA,CA,11/8/2018,4/4/2019
SENIOR DIRECTOR PRODUCT MARKETING,229653,SAN FRANCISCO CA,CA,3/5/2018,9/3/2018
SENIOR DIRECTOR SOFTWARE ENGINEERING,234000,SAN FRANCISCO CA,CA,10/5/2018,10/15/2018
SENIOR DISTRIBUTED SYSTEMS DEVELOPER,134618,BELLEVUE WA,WA,1/9/2018,1/23/2018
SENIOR DISTRIBUTED SYSTEMS ENGINEER,134618,BELLEVUE WA,WA,6/25/2018,7/9/2018
SENIOR DISTRIBUTED SYSTEMS ENGINEER,134618,BELLEVUE WA,WA,6/28/2018,7/9/2018
SENIOR FUNCTIONAL CONSULTANT,133141,SAN FRANCISCO CA,CA,1/25/2018,7/27/2018
SENIOR GROWTH ANALYST,114650,SAN FRANCISCO CA,CA,4/17/2018,4/24/2018
SENIOR INFRASTRUCTURE ENGINEER,115419,SALT LAKE CITY UT,UT,7/19/2018,8/6/2018
SENIOR IT ARCHITECT,174117,SAN FRANCISCO CA,CA,11/16/2018,11/16/2018
SENIOR IT DATABASE ENGINEER,122782,DALLAS TX,TX,9/21/2018,10/1/2018
SENIOR MANAGER,92019,TYSONS CORNER VA,VA,7/9/2018,12/14/2018
SENIOR MANAGER,162573,MORRISVILLE NC,NC,10/31/2018,12/1/2018
SENIOR MANAGER DATA SCIENCE,160930,SAN FRANCISCO CA,CA,2/7/2018,2/19/2018
SENIOR MANAGER DATA SCIENCE,168189,SAN FRANCISCO CA,CA,8/30/2018,9/17/2018
SENIOR MANAGER HEROKU,133099,SAN FRANCISCO CA,CA,10/3/2018,10/8/2018
SENIOR MANAGER PAYROLL,151715,SAN FRANCISCO CA,CA,8/30/2018,9/17/2018
SENIOR MANAGER PRICING STRATEGY,120432,SAN FRANCISCO CA,CA,5/3/2018,10/19/2018
SENIOR MANAGER PRICING STRATEGY,151986,SAN FRANCISCO CA,CA,4/24/2018,10/19/2018
SENIOR MANAGER PRODUCT MANAGEMENT,201094,SAN FRANCISCO CA,CA,7/19/2018,1/14/2019
SENIOR MANAGER PRODUCTION MANAGEMENT,163134,SAN FRANCISCO CA,CA,3/6/2018,9/5/2018
SENIOR MANAGER RELEASE ENGINEERING,107952,TAMPA FL,FL,5/17/2018,5/28/2018
SENIOR MANAGER SITE RELIABILITY ENGINEERING,168189,SAN FRANCISCO CA,CA,7/31/2018,8/13/2018
SENIOR MANAGER SOFTWARE ENGINEERING,142168,SAN FRANCISCO CA,CA,4/24/2018,10/19/2018
SENIOR MANAGER SOFTWARE ENGINEERING,142168,SAN FRANCISCO CA,CA,4/3/2018,10/1/2018
SENIOR MANAGER SOFTWARE ENGINEERING,142168,SAN FRANCISCO WA,WA,2/12/2018,7/21/2018
SENIOR MANAGER SOFTWARE ENGINEERING,151590,BELLEVUE WA,WA,4/5/2018,10/1/2018
SENIOR MANAGER SOFTWARE ENGINEERING,151590,ISSAQUAH WA,WA,4/17/2018,10/1/2018
SENIOR MANAGER SOFTWARE ENGINEERING,155147,PALO ALTO CA,CA,5/30/2018,11/24/2018
SENIOR MANAGER SOFTWARE ENGINEERING,163134,SAN FRANCISCO CA,CA,6/13/2018,12/3/2018
SENIOR MANAGER SOFTWARE ENGINEERING,168189,SAN FRANCISCO CA,CA,10/23/2018,4/18/2019
SENIOR MANAGER SOFTWARE ENGINEERING,168189,SAN FRANCISCO CA,CA,11/1/2018,4/28/2019
SENIOR MANAGER SOFTWARE ENGINEERING,181522,BELLEVUE WA,WA,3/2/2018,8/16/2018
SENIOR MANAGER SOFTWARE ENGINEERING,195187,SAN FRANCISCO CA,CA,2/23/2018,8/11/2018
SENIOR MANAGER SOFTWARE ENGINEERING,195187,SAN FRANCISCO CA,CA,5/23/2018,6/4/2018
SENIOR MANAGER SOOFTWARE ENGINEERING,181522,BELLEVUE WA,WA,3/1/2018,8/16/2018
SENIOR MANAGER SYSTEMS SPECIALIST,168189,SAN FRANCISCO CA,CA,10/15/2018,4/4/2019
SENIOR MANAGER SYSTEMS SPECIALIST,168189,SAN FRANCISCO CA,CA,8/31/2018,9/7/2018
SENIOR MANAGER SYSTEMS SPECIALIST,168189,SAN FRANCISCO CA,CA,9/12/2018,9/20/2018
SENIOR MANAGER TECHNICAL PROGRAM MANAGEMENT,163134,SAN FRANCISCO CA,CA,4/13/2018,4/23/2018
SENIOR MANAGER USER EXPERIENCE,110261,SAN FRANCISCO CA,CA,6/11/2018,12/10/2018
SENIOR MANAGING DIRECTOR INNOVATION CONSULTING,136968,NEW YORK NY,NY,4/19/2018,5/1/2018
SENIOR MANAGING DIRECTOR INNOVATION CONSULTING,185328,NEW YORK NY,NY,4/3/2018,5/1/2018
SENIOR MANAGING DIRECTOR INNOVATION CONSULTING,128856,NEW YORK NY,NY,9/6/2018,9/10/2018
SENIOR MANAGING DIRECTOR INNOVATION CONSULTING,195395,NEW YORK NY,NY,9/6/2018,9/10/2018
SENIOR MEMBER OF  TECHNICAL STAFF -  FULL STACH ENGINEER,142168,SAN FRANCISCO CA,CA,2/21/2018,8/3/2018
SENIOR MEMBER OF TECHNICAL STAFF,95805,INDIANAPOLIS IN,IN,5/4/2018,5/14/2018
SENIOR MEMBER OF TECHNICAL STAFF,120848,HILLSBORO OR,OR,2/6/2018,2/19/2018
SENIOR MEMBER OF TECHNICAL STAFF,122429,SAN FRANCISCO CA,CA,3/15/2018,9/14/2018
SENIOR MEMBER OF TECHNICAL STAFF,122429,SAN FRANCISCO CA,CA,3/2/2018,8/31/2018
SENIOR MEMBER OF TECHNICAL STAFF,126235,DALLAS TX,TX,11/7/2018,11/19/2018
SENIOR MEMBER OF TECHNICAL STAFF,126235,DALLAS TX,TX,8/10/2018,8/27/2018
SENIOR MEMBER OF TECHNICAL STAFF,135283,NEW YORK NY,NY,2/9/2018,8/2/2018
SENIOR MEMBER OF TECHNICAL STAFF,142168,SAN FRANCISCO CA,CA,1/19/2018,1/29/2018
SENIOR MEMBER OF TECHNICAL STAFF,142168,SAN FRANCISCO CA,CA,6/6/2018,6/20/2018
SENIOR MEMBER OF TECHNICAL STAFF,142168,SAN FRANCISCO CA,CA,3/6/2018,3/19/2018
SENIOR MEMBER OF TECHNICAL STAFF,142168,SAN FRANCISCO CA,CA,5/18/2018,5/28/2018
SENIOR MEMBER OF TECHNICAL STAFF,142168,SAN FRANCISCO CA,CA,1/30/2018,2/1/2018
SENIOR MEMBER OF TECHNICAL STAFF,142168,SAN FRANCISCO CA,CA,3/1/2018,8/15/2018
SENIOR MEMBER OF TECHNICAL STAFF,142168,SAN FRANCISCO CA,CA,1/19/2018,2/1/2018
SENIOR MEMBER OF TECHNICAL STAFF,142168,SAN FRANCISCO CA,CA,6/14/2018,6/25/2018
SENIOR MEMBER OF TECHNICAL STAFF,142168,SAN FRANCISCO CA,CA,2/12/2018,7/20/2018
SENIOR MEMBER OF TECHNICAL STAFF,142168,SAN FRANCISCO CA,CA,3/22/2018,3/27/2018
SENIOR MEMBER OF TECHNICAL STAFF,142168,SAN FRANCISCO CA,CA,4/6/2018,4/30/2018
SENIOR MEMBER OF TECHNICAL STAFF,147597,SAN FRANCISCO CA,CA,10/22/2018,11/5/2018
SENIOR MEMBER OF TECHNICAL STAFF,147597,SAN FRANCISCO CA,CA,7/2/2018,7/16/2018
SENIOR MEMBER OF TECHNICAL STAFF,151590,BELLEVUE WA,WA,3/9/2018,3/10/2018
SENIOR MEMBER OF TECHNICAL STAFF,154315,BELLEVUE WA,WA,7/10/2018,7/23/2018
SENIOR MEMBER OF TECHNICAL STAFF,155147,PALO ALTO CA,CA,3/26/2018,9/25/2018
SENIOR MEMBER OF TECHNICAL STAFF,157706,SAN FRANCISCO CA,CA,7/18/2018,7/30/2018
SENIOR MEMBER OF TECHNICAL STAFF,174117,SAN FRANCISCO CA,CA,11/7/2018,11/19/2018
SENIOR MEMBER OF TECHNICAL STAFF DETECTION CLOUD,133931,SAN FRANCISCO CA,CA,5/9/2018,5/21/2018
SENIOR MEMBER OF TECHNICAL STAFF QUALITY ASSURANCE,107640,PORTLAND OR,OR,11/14/2018,12/3/2018
SENIOR MEMBER OF TECHNICAL STAFF SOFTWARE ENGINEER,142168,SAN FRANCISCO CA,CA,3/29/2018,8/10/2018
SENIOR MEMBER OF TECHNICAL STAFF SOFTWARE ENGINEER,142168,SAN FRANCISCO CA,CA,3/1/2018,8/10/2018
SENIOR MEMBER OF TECHNICAL STAFF SOFTWARE ENGINEERING,95805,INDIANAPOLIS IN,IN,4/12/2018,10/10/2018
SENIOR MEMBER OF TECHNICAL STAFF SOFTWARE ENGINEERING,133806,BELLEVUE WA,WA,11/1/2018,4/25/2019
SENIOR MEMBER OF TECHNICAL STAFF SOFTWARE ENGINEERING,142168,SAN FRANCISCO CA,CA,2/24/2018,8/15/2018
SENIOR MEMBER OF THE TECHNICAL STAFF,138091,SAN FRANCISCO CA,CA,8/31/2018,9/10/2018
SENIOR MEMBER OF THE TECHNICAL STAFF,142168,SAN FRANCISCO CA,CA,2/5/2018,2/19/2018
SENIOR MEMBER TECHNICAL STAFF,142168,SAN FRANCISCO CA,CA,4/3/2018,9/24/2018
SENIOR NETWORK ENGINEER,161179,SAN FRANCISCO CA,CA,4/9/2018,4/13/2018
SENIOR NETWORK SECURITY ENGINEER,133931,SAN FRANCISCO CA,CA,2/6/2018,2/20/2018
SENIOR PLATFORM ENGINEER,157706,SAN FRANCISCO CA,CA,10/19/2018,12/1/2018
SENIOR PORTFOLIO SUCCESS MANAGER,119440,IRVINE CA,CA,3/19/2018,9/8/2018
SENIOR PORTFOLIO SUCCESS MANAGER,125000,IRVINE CA,CA,3/15/2018,9/8/2018
SENIOR PRINCIPAL SUCCESS MANAGER,197808,NEW YORK NY,NY,3/5/2018,7/29/2018
SENIOR PRODUCT ANALYST,121077,SAN FRANCISCO CA,CA,10/1/2018,10/15/2018
SENIOR PRODUCT DESIGNER,80205,NEW YORK NY,NY,3/6/2018,8/20/2018
SENIOR PRODUCT DESIGNER ANALYTICS UX,84864,SAN FRANCISCO CA,CA,1/8/2018,1/22/2018
SENIOR PRODUCT MANAGEMENT- LIGHTNING DATA,163134,SAN FRANCISCO CA,CA,3/2/2018,3/19/2018
SENIOR PRODUCT MANAGEMENT-LIGHTNING DATA,163134,SAN FRANCISCO CA,CA,3/2/2018,3/19/2018
SENIOR PRODUCT MANAGER,104250,SAN FRANCISCO CA,CA,2/8/2018,8/7/2018
SENIOR PRODUCT MANAGER,104250,SAN FRANCISCO CA,CA,3/8/2018,9/1/2018
SENIOR PRODUCT MANAGER,120432,SAN FRANCISCO CA,CA,2/15/2018,7/30/2018
SENIOR PRODUCT MANAGER,139277,SAN FRANCISCO CA,CA,1/19/2018,6/29/2018
SENIOR PRODUCT MANAGER,139277,SAN FRANCISCO CA,CA,2/2/2018,6/29/2018
SENIOR PRODUCT MANAGER,154690,BURLINGTON MA,MA,1/2/2018,3/17/2018
SENIOR PRODUCT MANAGER,154690,BURLINGTON MA,MA,1/4/2018,3/17/2018
SENIOR PRODUCT MANAGER,157394,MIAMI BEACH FL,FL,2/7/2018,6/29/2018
SENIOR PRODUCT MANAGER,157706,SAN FRANCISCO CA,CA,10/22/2018,4/20/2019
SENIOR PRODUCT MANAGER,163134,SAN FRANCISCO CA,CA,3/2/2018,3/5/2018
SENIOR PRODUCT MANAGER,168189,SAN FRANCISCO CA,CA,9/25/2018,10/8/2018
SENIOR PRODUCT MANAGER,168189,SAN FRANCISCO CA,CA,10/17/2018,10/29/2018
SENIOR PRODUCT MANAGER,168189,SAN FRANCISCO CA,CA,9/6/2018,9/24/2018
SENIOR PRODUCT MANAGER,168189,SAN FRANCISCO CA,CA,7/10/2018,7/23/2018
SENIOR PRODUCT MANAGER,168189,SAN FRANCISCO CA,CA,7/10/2018,7/23/2018
SENIOR PRODUCT MANAGER,189197,SAN FRANCISCO CA,CA,6/18/2018,7/2/2018
SENIOR PRODUCT MANAGER,195187,SAN FRANCISCO CA,CA,2/13/2018,2/22/2018
SENIOR PRODUCT MANAGER INSTRUMENTATION,140046,SAN FRANCISCO CA,CA,5/8/2018,5/14/2018
SENIOR PRODUCT MANAGER SALESFORCEIQ FOUNDATION,195187,SAN FRANCISCO CA,CA,4/30/2018,5/7/2018
SENIOR PRODUCT SECURITY ENGINEER,133931,SAN FRANCISCO CA,CA,2/20/2018,8/15/2018
SENIOR PRODUCT SECURITY ENGINEER,136926,SAN FRANCISCO CA,CA,8/9/2018,8/20/2018
SENIOR PRODUCT SECURITY ENGINEER,174117,SAN FRANCISCO CA,CA,10/8/2018,4/5/2019
SENIOR PROGRAM ARCHITECT,108638,CORCORAN MN,MN,3/22/2018,8/24/2018
SENIOR PROGRAM ARCHITECT,109013,CORCORAN MN,MN,3/2/2018,8/24/2018
SENIOR PROGRAM ARCHITECT,112840,TRACY CA,CA,3/3/2018,8/11/2018
SENIOR PROGRAM ARCHITECT,122429,SAN FRANCISCO CA,CA,2/26/2018,8/26/2018
SENIOR PROGRAM ARCHITECT,122782,FRISCO TX,TX,11/1/2018,3/21/2019
SENIOR PROGRAM ARCHITECT,122782,FRISCO TX,TX,9/18/2018,3/14/2019
SENIOR PROGRAM ARCHITECT,133141,SAN FRANCISCO CA,CA,3/2/2018,8/24/2018
SENIOR PROGRAM ARCHITECT,135283,NEW YORK NY,NY,3/27/2018,9/26/2018
SENIOR PROGRAM ARCHITECT,139277,SAN FRANCISCO CA,CA,1/24/2018,7/14/2018
SENIOR PROGRAM ARCHITECT,142168,SAN FRANCISCO CA,CA,3/4/2018,8/28/2018
SENIOR PROGRAM ARCHITECT,152984,SAN FRANCISCO CA,CA,2/6/2018,7/14/2018
SENIOR PROGRAM ARCHITECT,163072,RENO NV,NV,9/4/2018,9/17/2018
SENIOR PROGRAM ARCHITECT,163072,RENO CA,CA,9/12/2018,9/17/2018
SENIOR PROGRAM ARCHITECT,163072,RENO NV,NV,9/4/2018,9/17/2018
SENIOR PROGRAM ARCHITECT,163238,PLANO TX,TX,7/6/2018,7/23/2018
SENIOR PROGRAM ARCHITECT,170061,SAN RAMON CA,CA,9/12/2018,9/24/2018
SENIOR PROGRAM ARCHITECT,195187,SAN FRANCISCO CA,CA,2/8/2018,8/8/2018
SENIOR PROGRAM MANAGER,85530,NEW YORK NY,NY,3/26/2018,9/25/2018
SENIOR PROGRAN ARCHITECT,161179,SAN FRANCISCO CA,CA,1/23/2018,7/14/2018
SENIOR QA ENGINEER,142168,SAN FRANCISCO CA,CA,4/4/2018,4/16/2018
SENIOR QUALITY ENGINEER,95805,INDIANAPOLIS IN,IN,6/11/2018,12/10/2018
SENIOR RELEASE ENGINEER,142168,SAN FRANCISCO CA,CA,1/11/2018,6/25/2018
SENIOR RELEASE ENGINEER,142168,SAN FRANCISCO CA,CA,4/9/2018,4/23/2018
SENIOR RELIABILITY ENGINEER,122429,SAN FRANCISCO CA,CA,1/9/2018,1/22/2018
SENIOR RESEARCH STAFF,158163,PALO ALTO CA,CA,9/4/2018,9/10/2018
SENIOR SITE RELIABILITY ENGINEER,164674,PALO ALTO CA,CA,10/26/2018,11/12/2018
SENIOR SOFTWARE ENGINEER,95805,INDIANAPOLIS IN,IN,3/14/2018,3/26/2018
SENIOR SOFTWARE ENGINEER,95805,INDIANAPOLIS IN,IN,4/27/2018,10/27/2018
SENIOR SOFTWARE ENGINEER,98155,INDIANAPOLIS IN,IN,10/30/2018,5/1/2019
SENIOR SOFTWARE ENGINEER,98155,INDIANAPOLIS IN,IN,7/25/2018,8/6/2018
SENIOR SOFTWARE ENGINEER,100714,INDIANAPOLIS IN,IN,7/16/2018,7/30/2018
SENIOR SOFTWARE ENGINEER,100714,INDIANAPOLIS IN,IN,8/30/2018,2/26/2019
SENIOR SOFTWARE ENGINEER,100714,INDIANAPOLIS IN,IN,9/11/2018,3/1/2019
SENIOR SOFTWARE ENGINEER,100714,INDIANAPOLIS IN,IN,8/8/2018,2/5/2019
SENIOR SOFTWARE ENGINEER,100714,INDIANAPOLIS IN,IN,9/18/2018,10/2/2018
SENIOR SOFTWARE ENGINEER,107266,LOUISVILLE CO,CO,2/26/2018,8/26/2018
SENIOR SOFTWARE ENGINEER,123885,DURHAM NC,NC,6/20/2018,6/25/2018
SENIOR SOFTWARE ENGINEER,125000,INDIANAPOLIS IN,IN,3/15/2018,9/13/2018
SENIOR SOFTWARE ENGINEER,126402,LOUISVILLE CO,CO,5/11/2018,5/21/2018
SENIOR SOFTWARE ENGINEER,132080,BELLEVUE WA,WA,1/17/2018,1/17/2018
SENIOR SOFTWARE ENGINEER,133806,BELLEVUE WA,WA,11/16/2018,11/26/2018
SENIOR SOFTWARE ENGINEER,134618,BELLEVUE WA,WA,5/9/2018,5/28/2018
SENIOR SOFTWARE ENGINEER,134618,BELLEVUE WA,WA,5/8/2018,5/28/2018
SENIOR SOFTWARE ENGINEER,134618,BELLEVUE WA,WA,5/7/2018,5/28/2018
SENIOR SOFTWARE ENGINEER,138778,BELLEVUE WA,WA,10/9/2018,10/22/2018
SENIOR SOFTWARE ENGINEER,138778,BELLEVUE WA,WA,10/30/2018,11/13/2018
SENIOR SOFTWARE ENGINEER,138778,BELLEVUE WA,WA,8/10/2018,8/27/2018
SENIOR SOFTWARE ENGINEER,138778,BELLEVUE WA,WA,7/26/2018,8/6/2018
SENIOR SOFTWARE ENGINEER,138861,NEW YORK NY,NY,10/19/2018,4/15/2019
SENIOR SOFTWARE ENGINEER,142168,SAN FRANCISCO CA,CA,5/1/2018,10/30/2018
SENIOR SOFTWARE ENGINEER,142168,SAN FRANCISCO CA,CA,3/1/2018,8/15/2018
SENIOR SOFTWARE ENGINEER,142168,SAN FRANCISCO CA,CA,4/11/2018,10/1/2018
SENIOR SOFTWARE ENGINEER,142168,SAN FRANCISCO CA,CA,3/2/2018,8/16/2018
SENIOR SOFTWARE ENGINEER,142168,SAN FRANCISCO CA,CA,1/15/2018,7/15/2018
SENIOR SOFTWARE ENGINEER,142168,SAN FRANCISCO CA,CA,4/11/2018,10/5/2018
SENIOR SOFTWARE ENGINEER,142168,SAN FRANCISCO CA,CA,3/20/2018,9/9/2018
SENIOR SOFTWARE ENGINEER,142168,SAN FRANCISCO CA,CA,1/12/2018,1/22/2018
SENIOR SOFTWARE ENGINEER,142168,SAN FRANCISCO CA,CA,1/10/2018,4/12/2018
SENIOR SOFTWARE ENGINEER,142168,SAN FRANCISCO CA,CA,4/23/2018,10/12/2018
SENIOR SOFTWARE ENGINEER,142168,SAN FRANCISCO CA,CA,5/8/2018,10/5/2018
SENIOR SOFTWARE ENGINEER,142168,SAN FRANCISCO CA,CA,5/9/2018,11/6/2018
SENIOR SOFTWARE ENGINEER,142168,SAN FRANCISCO CA,CA,4/5/2018,4/16/2018
SENIOR SOFTWARE ENGINEER,142168,SAN FRANCISCO CA,CA,2/9/2018,8/2/2018
SENIOR SOFTWARE ENGINEER,142168,SAN FRANCISCO CA,CA,1/29/2018,2/12/2018
SENIOR SOFTWARE ENGINEER,142168,SAN FRANCISCO CA,CA,6/26/2018,7/9/2018
SENIOR SOFTWARE ENGINEER,147597,SAN FRANCISCO CA,CA,9/25/2018,10/8/2018
SENIOR SOFTWARE ENGINEER,147597,SAN FRANCISCO CA,CA,9/25/2018,10/8/2018
SENIOR SOFTWARE ENGINEER,147597,SAN FRANCISCO CA,CA,10/10/2018,4/10/2019
SENIOR SOFTWARE ENGINEER,147597,SAN FRANCISCO CA,CA,11/7/2018,11/21/2018
SENIOR SOFTWARE ENGINEER,147597,SAN FRANCISCO CA,CA,11/7/2018,5/8/2019
SENIOR SOFTWARE ENGINEER,147597,SAN FRANCISCO CA,CA,7/27/2018,8/13/2018
SENIOR SOFTWARE ENGINEER,147597,SAN FRANCISCO CA,CA,7/30/2018,8/13/2018
SENIOR SOFTWARE ENGINEER,151590,BELLEVUE WA,WA,1/2/2018,1/15/2018
SENIOR SOFTWARE ENGINEER,153774,SAN FRANCISCO CA,CA,6/4/2018,11/29/2018
SENIOR SOFTWARE ENGINEER,153774,SAN FRANCISCO CA,CA,3/29/2018,4/9/2018
SENIOR SOFTWARE ENGINEER,153774,SAN FRANCISCO CA,CA,2/22/2018,3/5/2018
SENIOR SOFTWARE ENGINEER,154315,BELLEVUE WA,WA,10/9/2018,10/22/2018
SENIOR SOFTWARE ENGINEER,154315,BELLEVUE WA,WA,9/12/2018,9/24/2018
SENIOR SOFTWARE ENGINEER,155147,PALO ALTO CA,CA,3/1/2018,8/15/2018
SENIOR SOFTWARE ENGINEER,157706,SAN FRANCISCO CA,CA,9/25/2018,3/7/2019
SENIOR SOFTWARE ENGINEER,157706,SAN FRANCISCO CA,CA,9/28/2018,3/7/2019
SENIOR SOFTWARE ENGINEER,157706,SAN FRANCISCO CA,CA,10/23/2018,4/18/2019
SENIOR SOFTWARE ENGINEER,157706,SAN FRANCISCO CA,CA,11/1/2018,11/15/2018
SENIOR SOFTWARE ENGINEER,157706,SAN FRANCISCO CA,CA,7/18/2018,1/3/2019
SENIOR SOFTWARE ENGINEER,157706,SAN FRANCISCO CA,CA,7/20/2018,8/6/2018
SENIOR SOFTWARE ENGINEER,157706,SAN FRANCISCO CA,CA,7/31/2018,8/13/2018
SENIOR SOFTWARE ENGINEER,157706,SAN FRANCISCO CA,CA,9/13/2018,3/7/2019
SENIOR SOFTWARE ENGINEER,164674,PALO ALTO CA,CA,11/2/2018,4/23/2019
SENIOR SOFTWARE ENGINEER,174117,SAN FRANCISCO CA,CA,11/1/2018,11/13/2018
SENIOR SOFTWARE ENGINEER,174117,SAN FRANCISCO CA,CA,8/29/2018,9/4/2018
SENIOR SOFTWARE ENGINEER,174117,SAN FRANCISCO CA,CA,8/30/2018,9/17/2018
SENIOR SOFTWARE ENGINEER SMTS,100714,INDIANAPOLIS IN,IN,7/31/2018,8/20/2018
SENIOR SOFTWARE ENGINEER - AUTHENTICATION TEAM,142168,SAN FRANCISCO CA,CA,6/8/2018,6/22/2018
SENIOR SOFTWARE ENGINEER - AUTHENTICATION TEAM,151590,BELLEVUE WA,WA,5/29/2018,6/11/2018
SENIOR SOFTWARE ENGINEER - BIG DATA,153774,SAN FRANCISCO CA,CA,5/2/2018,5/14/2018
SENIOR SOFTWARE ENGINEER - FULL STACK,121077,SAN FRANCISCO CA,CA,10/24/2018,11/5/2018
SENIOR SOFTWARE ENGINEER - IDENTITY,174117,SAN FRANCISCO CA,CA,8/31/2018,9/17/2018
SENIOR SOFTWARE ENGINEER IN TEST,95805,INDIANAPOLIS IN,IN,5/15/2018,11/13/2018
SENIOR SOFTWARE ENGINEER ANALYTICS,142168,SAN FRANCISCO CA,CA,3/12/2018,7/29/2018
SENIOR SOFTWARE ENGINEER HEALTH CLOUD,142168,SAN FRANCISCO CA,CA,4/5/2018,10/1/2018
SENIOR SOFTWARE ENGINEER INFRASTRUCTURE AUTOMATION,120578,GEORGTOWN TX,TX,4/10/2018,10/1/2018
SENIOR SOFTWARE ENGINEER INFRASTRUCTURE AUTOMATION,120578,GEORGTOWN TX,TX,4/20/2018,8/11/2018
SENIOR SOFTWARE ENGINEER PERFORMANCE,112403,CHICAGO IL,IL,10/18/2018,10/29/2018
SENIOR SOFTWARE ENGINEER PERFORMANCE,122429,SAN FRANCISCO CA,CA,2/2/2018,8/1/2018
SENIOR SOFTWARE ENGINEER PERFORMANCE,142168,SAN FRANCISCO CA,CA,3/23/2018,9/9/2018
SENIOR SOFTWARE ENGINEERING,142168,SAN FRANCISCO CA,CA,4/12/2018,8/16/2018
SENIOR SOFTWARE ENGNEER,142168,SAN FRANCISCO CA,CA,3/28/2018,9/15/2018
SENIOR SOFTWARE QUALITY ENGINEER,142168,SAN FRANCISCO CA,CA,2/23/2018,8/15/2018
SENIOR SOFTWARE QUALITY ENGINEER,142168,SAN FRANCISCO CA,CA,1/19/2018,2/5/2018
SENIOR SOLUTION ARCHITECT,119246,SAN FRANCISCO CA,CA,2/2/2018,7/27/2018
SENIOR SOLUTION ARCHITECT,119246,SAN FRANCISCO CA,CA,2/2/2018,7/27/2018
SENIOR SOLUTION ARCHITECT,120765,NEW YORK NY,NY,1/26/2018,2/5/2018
SENIOR SOLUTION ARCHITECT,127546,SAN FRANCISCO CA,CA,2/7/2018,7/27/2018
SENIOR SOLUTION ARCHITECT,133141,SAN FRANCISCO CA,CA,1/30/2018,7/27/2018
SENIOR SOLUTION ENGINEER,97885,LAWRENCEVILLE NJ,NJ,7/27/2018,8/9/2018
SENIOR SOLUTION ENGINEER,109616,LAWRENCEVILLE NJ,NJ,8/8/2018,8/9/2018
SENIOR SOLUTION ENGINEER,113069,LAWRENCEVILLE NJ,NJ,8/17/2018,8/27/2018
SENIOR SOURCING PARTNER,96824,SAN FRANCISCO CA,CA,7/9/2018,7/23/2018
SENIOR SUCCESS AGENT,86440,SAN FRANCISCO CA,CA,3/5/2018,8/2/2018
SENIOR SUCCESS AGENT,113900,SAN FRANCISCO CA,CA,8/15/2018,2/4/2019
SENIOR SUCCESS AGENT  TIER - ,66706,HILLSBORO OR,OR,4/11/2018,10/1/2018
SENIOR SUCCESS AGENT  TIER - ,76627,HILLSBORO OR,OR,4/3/2018,10/1/2018
SENIOR SUCCESS AGENT TIER ,81900,HILLSBORO OR,OR,4/6/2018,8/15/2018
SENIOR SUCCESS AGENT TIER ,83200,HILLSBORO OR,OR,3/26/2018,8/15/2018
SENIOR SUCCESS AGENT TIER ,82763,SAN FRANCISCO CA,CA,3/12/2018,8/15/2018
SENIOR SUCCESS AGENT TIER ,83845,HILLSBORO OR,OR,2/22/2018,8/2/2018
SENIOR SUCCESS AGENT TIER ,83845,HILLSBORO OR,OR,2/22/2018,8/22/2018
SENIOR SUCCESS AGENT TIER ,89898,SAN FRANCISCO CA,CA,4/17/2018,8/15/2018
SENIOR SUCCESS AGENT TIER ,89898,SAN FRANCISCO CA,CA,4/9/2018,8/15/2018
SENIOR SYSTEM ENGINEER,121597,SAN FRANCISCO CA,CA,1/18/2018,7/10/2018
SENIOR SYSTEM SPECIALIST,116002,HILLSBORO OR,OR,4/13/2018,10/5/2018
SENIOR SYSTEMS ENGINEER,157706,SAN FRANCISCO CA,CA,10/3/2018,10/15/2018
SENIOR SYSTEMS ENGINEER,157706,SAN FRANCISCO CA,CA,10/11/2018,4/12/2019
SENIOR TAX ASSOCIATE,105227,SAN FRANCISCO CA,CA,6/19/2018,12/17/2018
SENIOR TAX ASSOCIATE,107744,SAN FRANCISCO CA,CA,8/20/2018,12/26/2018
SENIOR TECHFORCE ANALYST,91160,DALLAS TX,TX,10/19/2018,11/5/2018
SENIOR TECHNICAL ARCHITECT,157706,SAN FRANCISCO CA,CA,10/25/2018,11/5/2018
SENIOR TECHNICAL CONSULTANT,87693,SMYRNA GA,GA,10/30/2018,5/1/2019
SENIOR TECHNICAL CONSULTANT,93538,SUN PRAIRIE WI,WI,8/17/2018,8/27/2018
SENIOR TECHNICAL CONSULTANT,94598,BLOOMINGTON IL,IL,6/26/2018,7/2/2018
SENIOR TECHNICAL CONSULTANT,103771,RALEIGH NC,NC,8/29/2018,9/10/2018
SENIOR TECHNICAL CONSULTANT,116501,CUMMING GA,GA,6/18/2018,7/2/2018
SENIOR TECHNICAL CONSULTANT,117333,CHESTER SPRINGS PA,PA,6/11/2018,12/10/2018
SENIOR TECHNICAL CONSULTANT,124946,FLOWER MOUND TX,TX,1/3/2018,7/3/2018
SENIOR TECHNICAL CONSULTANT,139110,CHESTER SPRINGS PA,PA,6/11/2018,12/10/2018
SENIOR TECHNICAL PROGRAM MANAGER,168189,SAN FRANCISCO CA,CA,10/1/2018,10/15/2018
SENIOR TECHNICAL SUPPORT ENGINEER,103740,BURLINGTON MA,MA,3/9/2018,7/9/2018
SENIOR TECHNICAL SUPPORT SPECIALIST,83595,BURLINGTON MA,MA,1/25/2018,7/9/2018
SENIOR USER EXPERIENCE DESIGNER,142168,SAN FRANCISCO CA,CA,5/15/2018,11/14/2018
SENIOR USER RESEARCHER,142168,SAN FRANCISCO CA,CA,1/9/2018,1/16/2018
SENIOR VULNERABILITY MANAGEMENT DATA ENGINEER,129418,SAN FRANCISCO CA,CA,3/12/2018,8/2/2018
SERVICES DELIVERY DIRECTOR,168189,SAN FRANCISCO CA,CA,7/10/2018,1/7/2019
SMTS - QUALITY ENGINEER,142168,SAN FRANCISCO CA,CA,1/3/2018,5/28/2018
SMTS - SOFTWARE ENGINEER,126235,DALLAS TX,TX,9/20/2018,10/1/2018
SMTS - SOFTWARE ENGINEER,126235,DALLAS TX,TX,9/21/2018,10/1/2018
SMTS QUAILITY ENGINEERING,142168,SAN FRANCISCO CA,CA,5/30/2018,11/24/2018
SMTS SOFTWARE ENGINEER,122429,SAN FRANCISCO CA,CA,3/6/2018,8/22/2018
SMTS SOFTWARE ENGINEER,133016,PALO ALTO CA,CA,3/5/2018,8/14/2018
SMTS SOFTWARE ENGINEER,142168,SAN FRANCISCO CA,CA,1/26/2018,7/24/2018
SMTS SOFTWARE ENGINEER,142168,SAN FRANCISCO CA,CA,2/9/2018,8/2/2018
SMTS SOFTWARE ENGINEERING,95805,INDIANAPOLIS IN,IN,6/12/2018,12/6/2018
SMTS SOFTWARE ENGINEERING,125320,ATLANTA GA,GA,10/8/2018,4/5/2019
SMTS SOFTWARE ENGINEERING,138091,SAN FRANCISCO CA,CA,9/26/2018,3/14/2019
SMTS SOFTWARE ENGINEERING,142168,SAN FRANCISCO CA,CA,6/29/2018,12/27/2018
SMTS SOFTWARE ENGINEERING,142168,SAN FRANCISCO CA,CA,6/15/2018,12/10/2018
SMTS SOFTWARE ENGINEERING,142168,SAN FRANCISCO CA,CA,3/18/2018,9/4/2018
SMTS SOFTWARE ENGINEERING,142168,SAN FRANCISCO CA,CA,3/20/2018,9/7/2018
SMTS SOFTWARE ENGINEERING,147597,SAN FRANCISCO CA,CA,10/23/2018,4/23/2019
SMTS SOFTWARE ENGINEERING,147597,SAN FRANCISCO CA,CA,11/7/2018,5/9/2019
SMTS SOFTWARE ENGINEERING,147597,SAN FRANCISCO CA,CA,8/13/2018,2/9/2019
SMTS SOFTWARE ENGINEERING,157706,SAN FRANCISCO CA,CA,10/29/2018,4/24/2019
SMTS SOFTWARE ENGINEERING,157706,SAN FRANCISCO CA,CA,10/30/2018,5/1/2019
SMTS SOFTWARE ENGINEERING,174117,SAN FRANCISCO CA,CA,10/22/2018,4/20/2019
SOFTWARE ARCHITECT DATABASE INTERNALS,142168,SAN FRANCISCO CA,CA,2/1/2018,7/31/2018
SOFTWARE DEVELOPER,86424,SALT LAKE CITY UT,UT,1/25/2018,7/9/2018
SOFTWARE DEVELOPER,86424,SALT LAKE CITY UT,UT,2/8/2018,7/9/2018
SOFTWARE DEVELOPER - NETWORK INFRASTRUCTURE,157706,SAN FRANCISCO CA,CA,9/10/2018,9/24/2018
SOFTWARE ENGINEER,98720,SAN FRANCISCO CA,CA,3/20/2018,9/6/2018
SOFTWARE ENGINEER,98720,SAN FRANCISCO CA,CA,3/5/2018,9/4/2018
SOFTWARE ENGINEER,98720,SAN FRANCISCO CA,CA,3/9/2018,9/6/2018
SOFTWARE ENGINEER,98720,SAN FRANCISCO CA,CA,3/6/2018,7/24/2018
SOFTWARE ENGINEER,98720,SAN FRANCISCO CA,CA,3/20/2018,9/6/2018
SOFTWARE ENGINEER,98720,SAN FRANCISCO CA,CA,3/20/2018,9/6/2018
SOFTWARE ENGINEER,98720,SAN FRANCISCO CA,CA,3/5/2018,9/4/2018
SOFTWARE ENGINEER,108220,BELLEVUE WA,WA,3/6/2018,7/26/2018
SOFTWARE ENGINEER,108220,BELLEVUE WA,WA,3/5/2018,8/14/2018
SOFTWARE ENGINEER,117720,SAN FRANCISCO CA,CA,3/7/2018,9/6/2018
SOFTWARE ENGINEER,117720,SAN FRANCISCO CA,CA,3/26/2018,9/25/2018
SOFTWARE ENGINEER,117720,SAN FRANCISCO CA,CA,3/5/2018,8/16/2018
SOFTWARE ENGINEER,117720,SAN FRANCISCO CA,CA,3/5/2018,9/4/2018
SOFTWARE ENGINEER,117720,SAN FRANCISCO CA,CA,3/5/2018,9/4/2018
SOFTWARE ENGINEER,121540,LOUISVILLE CO,CO,5/14/2018,5/28/2018
SOFTWARE ENGINEER,124440,SAN FRANCISCO CA,CA,3/5/2018,9/4/2018
SOFTWARE ENGINEER,136700,SAN FRANCISCO CA,CA,3/7/2018,8/22/2018
SOFTWARE ENGINEER,72342,BELLEVUE WA,WA,1/24/2018,7/11/2018
SOFTWARE ENGINEER,87859,BURLINGTON MA,MA,1/28/2018,7/26/2018
SOFTWARE ENGINEER,95805,INDIANAPOLIS IN,IN,2/1/2018,2/15/2018
SOFTWARE ENGINEER,95805,INDIANAPOLIS IN,IN,1/26/2018,7/24/2018
SOFTWARE ENGINEER,95805,INDIANAPOLIS IN,IN,6/15/2018,7/2/2018
SOFTWARE ENGINEER,95805,INDIANAPOLIS IN,IN,2/22/2018,3/5/2018
SOFTWARE ENGINEER,99382,SEATTLE WA,WA,5/25/2018,6/4/2018
SOFTWARE ENGINEER,100714,INDIANAPOLIS IN,IN,8/2/2018,8/20/2018
SOFTWARE ENGINEER,102669,SAN FRANCISCO CA,CA,2/11/2018,6/8/2018
SOFTWARE ENGINEER,102669,SAN FRANCISCO CA,CA,2/1/2018,7/29/2018
SOFTWARE ENGINEER,102669,SAN FRANCISCO CA,CA,2/1/2018,7/24/2018
SOFTWARE ENGINEER,102669,SAN FRANCISCO CA,CA,2/16/2018,8/15/2018
SOFTWARE ENGINEER,102669,SAN FRANCISCO CA,CA,2/1/2018,7/29/2018
SOFTWARE ENGINEER,102669,SAN FRANCISCO CA,CA,2/9/2018,8/8/2018
SOFTWARE ENGINEER,102669,SAN FRANCISCO CA,CA,2/1/2018,7/24/2018
SOFTWARE ENGINEER,102669,SAN FRANCISCO CA,CA,2/2/2018,8/2/2018
SOFTWARE ENGINEER,102669,SAN FRANCISCO CA,CA,1/25/2018,7/8/2018
SOFTWARE ENGINEER,102669,SAN FRANCISCO CA,CA,2/1/2018,7/29/2018
SOFTWARE ENGINEER,102669,SAN FRANCISCO CA,CA,2/2/2018,7/31/2018
SOFTWARE ENGINEER,102669,SAN FRANCISCO CA,CA,2/1/2018,7/29/2018
SOFTWARE ENGINEER,102669,SAN FRANCISCO CA,CA,1/28/2018,7/26/2018
SOFTWARE ENGINEER,102669,SAN FRANCISCO CA,CA,2/1/2018,7/24/2018
SOFTWARE ENGINEER,107890,BURLINGTON MA,MA,3/22/2018,7/29/2018
SOFTWARE ENGINEER,110864,PALO ALTO CA,CA,2/5/2018,7/9/2018
SOFTWARE ENGINEER,112549,BELLEVUE WA,WA,2/1/2018,7/26/2018
SOFTWARE ENGINEER,112549,BELLEVUE WA,WA,2/13/2018,8/14/2018
SOFTWARE ENGINEER,112549,BELLEVUE WA,WA,3/5/2018,8/23/2018
SOFTWARE ENGINEER,113755,HERNDON VA,VA,2/21/2018,8/16/2018
SOFTWARE ENGINEER,117000,BELLEVUE WA,WA,4/27/2018,5/7/2018
SOFTWARE ENGINEER,118186,SAN FRANCISCO CA,CA,2/13/2018,8/13/2018
SOFTWARE ENGINEER,118186,SAN FRANCISCO CA,CA,2/23/2018,8/15/2018
SOFTWARE ENGINEER,120307,BELLEVUE WA,WA,10/5/2018,12/15/2018
SOFTWARE ENGINEER,121077,SAN FRANCISCO CA,CA,10/3/2018,4/4/2019
SOFTWARE ENGINEER,121077,SAN FRANCISCO CA,CA,11/6/2018,5/8/2019
SOFTWARE ENGINEER,121077,SAN FRANCISCO CA,CA,11/8/2018,11/19/2018
SOFTWARE ENGINEER,121077,SAN FRANCISCO CA,CA,9/13/2018,3/7/2019
SOFTWARE ENGINEER,122429,SAN FRANCISCO CA,CA,1/29/2018,7/29/2018
SOFTWARE ENGINEER,122429,SAN FRANCISCO CA,CA,2/21/2018,8/16/2018
SOFTWARE ENGINEER,122429,SAN FRANCISCO CA,CA,1/19/2018,7/17/2018
SOFTWARE ENGINEER,122429,SAN FRANCISCO CA,CA,2/10/2018,7/29/2018
SOFTWARE ENGINEER,122429,SAN FRANCISCO CA,CA,2/10/2018,7/29/2018
SOFTWARE ENGINEER,122429,SAN FRANCISCO CA,CA,2/1/2018,7/29/2018
SOFTWARE ENGINEER,122429,SAN FRANCISCO CA,CA,1/30/2018,7/29/2018
SOFTWARE ENGINEER,122429,SAN FRANCISCO CA,CA,1/24/2018,7/23/2018
SOFTWARE ENGINEER,122429,SAN FRANCISCO CA,CA,5/1/2018,10/26/2018
SOFTWARE ENGINEER,122429,SAN FRANCISCO CA,CA,3/27/2018,9/26/2018
SOFTWARE ENGINEER,122429,SAN FRANCISCO CA,CA,3/18/2018,8/16/2018
SOFTWARE ENGINEER,122429,SAN FRANCISCO CA,CA,1/30/2018,7/29/2018
SOFTWARE ENGINEER,122429,SAN FRANCISCO CA,CA,1/30/2018,7/29/2018
SOFTWARE ENGINEER,122429,SAN FRANCISCO CA,CA,1/29/2018,7/29/2018
SOFTWARE ENGINEER,122429,SAN FRANCISCO CA,CA,2/5/2018,7/29/2018
SOFTWARE ENGINEER,122429,SAN FRANCISCO CA,CA,2/13/2018,8/13/2018
SOFTWARE ENGINEER,122429,SAN FRANCISCO CA,CA,1/30/2018,7/29/2018
SOFTWARE ENGINEER,122429,SAN FRANCISCO CA,CA,1/15/2018,7/15/2018
SOFTWARE ENGINEER,122429,SAN FRANCISCO CA,CA,4/19/2018,10/1/2018
SOFTWARE ENGINEER,122429,SAN FRANCISCO CA,CA,2/13/2018,8/13/2018
SOFTWARE ENGINEER,122429,SAN FRANCISCO CA,CA,1/30/2018,7/29/2018
SOFTWARE ENGINEER,122429,SAN FRANCISCO CA,CA,2/20/2018,8/16/2018
SOFTWARE ENGINEER,122429,SAN FRANCISCO CA,CA,3/27/2018,9/26/2018
SOFTWARE ENGINEER,122429,SAN FRANCISCO CA,CA,2/1/2018,7/29/2018
SOFTWARE ENGINEER,122429,SAN FRANCISCO CA,CA,2/15/2018,8/15/2018
SOFTWARE ENGINEER,122429,SAN FRANCISCO CA,CA,1/24/2018,7/23/2018
SOFTWARE ENGINEER,122429,SAN FRANCISCO CA,CA,2/20/2018,8/16/2018
SOFTWARE ENGINEER,122429,SAN FRANCISCO CA,CA,1/29/2018,7/29/2018
SOFTWARE ENGINEER,122429,SAN FRANCISCO CA,CA,5/7/2018,11/4/2018
SOFTWARE ENGINEER,126235,DALLAS TX,TX,10/31/2018,11/14/2018
SOFTWARE ENGINEER,126402,LOUISVILLE CO,CO,4/27/2018,5/14/2018
SOFTWARE ENGINEER,127920,BURLINGTON MA,MA,2/1/2018,7/29/2018
SOFTWARE ENGINEER,132080,BELLEVUE WA,WA,1/16/2018,1/29/2018
SOFTWARE ENGINEER,132080,BELLEVUE WA,WA,3/7/2018,8/16/2018
SOFTWARE ENGINEER,132080,BELLEVUE WA,WA,2/20/2018,8/16/2018
SOFTWARE ENGINEER,132080,BELLEVUE NY,NY,3/15/2018,9/14/2018
SOFTWARE ENGINEER,133806,BELLEVUE WA,WA,10/29/2018,11/5/2018
SOFTWARE ENGINEER,138091,SAN FRANCISCO CA,CA,8/28/2018,9/10/2018
SOFTWARE ENGINEER,138778,BELLEVUE WA,WA,10/11/2018,4/12/2019
SOFTWARE ENGINEER,138861,NEW YORK NY,NY,11/18/2018,12/10/2018
SOFTWARE ENGINEER,142168,SAN FRANCISCO CA,CA,2/21/2018,8/16/2018
SOFTWARE ENGINEER,142168,SAN FRANCISCO CA,CA,5/29/2018,6/11/2018
SOFTWARE ENGINEER,142168,SAN FRANCISCO CA,CA,2/5/2018,7/18/2018
SOFTWARE ENGINEER,142168,SAN FRANCISCO CA,CA,3/2/2018,8/26/2018
SOFTWARE ENGINEER,142168,SAN FRANCISCO CA,CA,2/13/2018,8/13/2018
SOFTWARE ENGINEER,142168,SAN FRANCISCO CA,CA,5/22/2018,11/16/2018
SOFTWARE ENGINEER,142168,SAN FRANCISCO CA,CA,2/23/2018,8/22/2018
SOFTWARE ENGINEER,147597,SAN FRANCISCO CA,CA,10/10/2018,3/19/2019
SOFTWARE ENGINEER,147597,SAN FRANCISCO CA,CA,10/19/2018,11/5/2018
SOFTWARE ENGINEER,147597,SAN FRANCISCO CA,CA,10/29/2018,11/12/2018
SOFTWARE ENGINEER,147597,SAN FRANCISCO CA,CA,7/10/2018,7/24/2018
SOFTWARE ENGINEER,147597,SAN FRANCISCO CA,CA,7/23/2018,8/6/2018
SOFTWARE ENGINEER,147597,SAN FRANCISCO CA,CA,9/18/2018,11/16/2018
SOFTWARE ENGINEER,153774,SAN FRANCISCO CA,CA,6/26/2018,7/9/2018
SOFTWARE ENGINEER,153774,SAN FRANCISCO CA,CA,4/9/2018,4/23/2018
SOFTWARE ENGINEER,155147,SAN FRANCISCO CA,CA,3/14/2018,8/2/2018
SOFTWARE ENGINEER,174117,SAN FRANCISCO CA,CA,10/1/2018,10/15/2018
SOFTWARE ENGINEER,174117,SAN FRANCISCO CA,CA,8/20/2018,9/3/2018
SOFTWARE ENGINEER,174117,SAN FRANCISCO CA,CA,7/6/2018,7/16/2018
SOFTWARE ENGINEER - DIAGNOSTICS VISIBILITY & ANALYTICS,154315,BELLEVUE WA,WA,8/13/2018,2/11/2019
SOFTWARE ENGINEER - DIAGNOSTICS VISIBILITY ANALYTICS CLOUD,135990,SAN FRANCISCO CA,CA,1/25/2018,7/19/2018
SOFTWARE ENGINEER - QUIP,142168,SAN FRANCISCO CA,CA,3/13/2018,3/27/2018
SOFTWARE ENGINEER DISTRIBUTED SYSTEMS,138778,BELLEVUE WA,WA,9/17/2018,10/1/2018
SOFTWARE ENGINEER IN TEST,81931,INDIANAPOLIS IN,IN,2/1/2018,7/26/2018
SOFTWARE ENGINEER IN TEST- SALES CLOUD,122429,SAN FRANCISCO CA,CA,3/5/2018,9/1/2018
SOFTWARE ENGINEER LMTS,142168,SAN FRANCISCO CA,CA,5/10/2018,11/1/2018
SOFTWARE ENGINEER LMTS,142168,SAN FRANCISCO CA,CA,5/10/2018,11/1/2018
SOFTWARE ENGINEER LMTS,142168,SAN FRANCISCO CA,CA,2/1/2018,7/30/2018
SOFTWARE ENGINEER LMTS,155106,PALO ALTO CA,CA,8/23/2018,9/3/2018
SOFTWARE ENGINEER MEMBER OF TECHNICAL STAFF,93538,DALLAS TX,TX,8/7/2018,8/20/2018
SOFTWARE ENGINEER MTS,138091,SAN FRANCISCO CA,CA,7/2/2018,7/16/2018
SOFTWARE ENGINEER MTS - ANALYTICS,122429,SAN FRANCISCO CA,CA,2/14/2018,2/26/2018
SOFTWARE ENGINEER SMTS,97469,SALT LAKE CITY UT,UT,10/31/2018,1/19/2019
SOFTWARE ENGINEER SMTS,97864,SALT LAKE CITY UT,UT,7/12/2018,11/5/2018
SOFTWARE ENGINEER SMTS,97864,SALT LAKE CITY UT,UT,8/9/2018,8/20/2018
SOFTWARE ENGINEER SMTS,113318,BELLEVUE WA,WA,10/8/2018,10/22/2018
SOFTWARE ENGINEER SMTS,122283,BURLINGTON MA,MA,8/16/2018,8/27/2018
SOFTWARE ENGINEER SMTS,142168,SAN FRANCISCO CA,CA,6/11/2018,6/22/2018
SOFTWARE ENGINEER SMTS,174117,SAN FRANCISCO CA,CA,8/20/2018,9/3/2018
SOFTWARE ENGINEER AMTS,122429,SAN FRANCISCO CA,CA,2/26/2018,8/26/2018
SOFTWARE ENGINEER AMTS,122429,SAN FRANCISCO CA,CA,1/25/2018,7/11/2018
SOFTWARE ENGINEER CUSTOMER CENTRIC ENGINEER,95805,INDIANAPOLIS IN,IN,4/25/2018,10/24/2018
SOFTWARE ENGINEER LMTS,122429,SAN FRANCISCO CA,CA,3/15/2018,9/11/2018
SOFTWARE ENGINEER LMTS,142168,SAN FRANCISCO CA,CA,4/9/2018,8/11/2018
SOFTWARE ENGINEER LMTS,146619,PALO ALTO CA,CA,2/15/2018,7/22/2018
SOFTWARE ENGINEER MANAGER,142168,SAN FRANCISCO CA,CA,1/29/2018,7/24/2018
SOFTWARE ENGINEER MTS,109380,HERNDON VA,VA,3/7/2018,9/6/2018
SOFTWARE ENGINEER MTS,117720,SAN FRANCISCO CA,CA,3/5/2018,7/29/2018
SOFTWARE ENGINEER MTS,136700,SAN FRANCISCO CA,CA,3/7/2018,9/6/2018
SOFTWARE ENGINEER MTS,114026,NEW YORK NY,NY,2/27/2018,8/24/2018
SOFTWARE ENGINEER MTS,122429,SAN FRANCISCO CA,CA,2/1/2018,7/29/2018
SOFTWARE ENGINEER MTS,122429,SAN FRANCISCO CA,CA,1/29/2018,7/29/2018
SOFTWARE ENGINEER MTS,122429,SAN FRANCISCO CA,CA,1/29/2018,7/29/2018
SOFTWARE ENGINEER PERFORMANCE ENGINEERING,122429,SAN FRANCISCO CA,CA,2/2/2018,7/31/2018
SOFTWARE ENGINEER QUALITY,122429,SAN FRANCISCO CA,CA,4/10/2018,10/1/2018
SOFTWARE ENGINEER QUALITY,122429,SAN FRANCISCO CA,CA,4/10/2018,10/1/2018
SOFTWARE ENGINEER SENIOR MEMBER OF TECHNICAL STAFF,95805,INDIANAPOLIS IN,IN,4/17/2018,4/30/2018
SOFTWARE ENGINEER SENIOR MEMBER OF TECHNICAL STAFF,95805,INDIANAPOLIS IN,IN,6/27/2018,7/5/2018
SOFTWARE ENGINEER SENIOR MEMBER OF TECHNICAL STAFF,142168,SAN FRANCISCO CA,CA,3/26/2018,9/7/2018
SOFTWARE ENGINEER SENIOR MEMBER OF TECHNICAL STAFF,142168,SAN FRANCISCO CA,CA,4/21/2018,8/15/2018
SOFTWARE ENGINEER SMTS,100714,INDIANAPOLIS IN,IN,8/2/2018,8/13/2018
SOFTWARE ENGINEER- SENIOR MEMBER OF TECHNICAL STAFF,122429,SAN FRANCISCO CA,CA,3/2/2018,8/15/2018
SOFTWARE ENGINEERING - MTS,157706,SAN FRANCISCO CA,CA,10/12/2018,10/29/2018
SOFTWARE ENGINEERING AMTS,102669,SAN FRANCISCO CA,CA,5/18/2018,11/17/2018
SOFTWARE ENGINEERING AMTS,102669,SAN FRANCISCO CA,CA,5/17/2018,11/14/2018
SOFTWARE ENGINEERING ARCHITECT,103646,NASHVILLE TN,TN,2/14/2018,8/13/2018
SOFTWARE ENGINEERING ARCHITECT,109242,NASHVILLE TN,TN,10/29/2018,3/20/2019
SOFTWARE ENGINEERING ARCHITECT,157706,SAN FRANCISCO CA,CA,10/26/2018,4/20/2019
SOFTWARE ENGINEERING ARCHITECT,234000,SAN FRANCISCO CA,CA,8/15/2018,1/18/2019
SOFTWARE ENGINEERING LMTS,125549,SANTA MONICA CA,CA,2/22/2018,8/19/2018
SOFTWARE ENGINEERING LMTS,125549,SANTA MONICA CA,CA,4/5/2018,9/27/2018
SOFTWARE ENGINEERING LMTS,141898,PALO ALTO CA,CA,10/23/2018,4/18/2019
SOFTWARE ENGINEERING LMTS,142168,SAN FRANCISCO CA,CA,2/23/2018,8/15/2018
SOFTWARE ENGINEERING LMTS,142168,SAN FRANCISCO CA,CA,4/26/2018,10/25/2018
SOFTWARE ENGINEERING LMTS,142168,SAN FRANCISCO CA,CA,2/12/2018,8/1/2018
SOFTWARE ENGINEERING LMTS,142168,SAN FRANCISCO CA,CA,5/15/2018,11/13/2018
SOFTWARE ENGINEERING LMTS,142168,SAN FRANCISCO CA,CA,6/20/2018,7/2/2018
SOFTWARE ENGINEERING LMTS,142168,SAN FRANCISCO CA,CA,5/9/2018,11/8/2018
SOFTWARE ENGINEERING LMTS,142168,SAN FRANCISCO CA,CA,5/9/2018,11/8/2018
SOFTWARE ENGINEERING LMTS,142168,SAN FRANCISCO CA,CA,2/23/2018,8/5/2018
SOFTWARE ENGINEERING LMTS,142168,SAN FRANCISCO CA,CA,4/10/2018,9/28/2018
SOFTWARE ENGINEERING LMTS,142168,SAN FRANCISCO CA,CA,3/26/2018,9/14/2018
SOFTWARE ENGINEERING LMTS,142168,SAN FRANCISCO CA,CA,3/20/2018,9/11/2018
SOFTWARE ENGINEERING LMTS,142168,SAN FRANCISCO WA,WA,2/20/2018,8/11/2018
SOFTWARE ENGINEERING LMTS,142168,SAN FRANCISCO CA,CA,5/31/2018,11/30/2018
SOFTWARE ENGINEERING LMTS,142168,SAN FRANCISCO CA,CA,2/11/2018,6/8/2018
SOFTWARE ENGINEERING LMTS,142168,SAN FRANCISCO CA,CA,5/1/2018,10/26/2018
SOFTWARE ENGINEERING LMTS,151590,BELLEVUE WA,WA,2/27/2018,8/1/2018
SOFTWARE ENGINEERING LMTS,154315,BELLEVUE WA,WA,11/5/2018,5/7/2019
SOFTWARE ENGINEERING LMTS,157706,SAN FRANCISCO CA,CA,9/28/2018,3/7/2019
SOFTWARE ENGINEERING LMTS,157706,SAN FRANCISCO CA,CA,11/8/2018,4/12/2019
SOFTWARE ENGINEERING LMTS,164674,SAN FRANCISCO CA,CA,7/30/2018,1/29/2019
SOFTWARE ENGINEERING LMTS,174117,SAN FRANCISCO CA,CA,10/2/2018,4/1/2019
SOFTWARE ENGINEERING LMTS,174117,SAN FRANCISCO CA,CA,10/8/2018,4/5/2019
SOFTWARE ENGINEERING LMTS,174117,SAN FRANCISCO CA,CA,10/11/2018,4/12/2019
SOFTWARE ENGINEERING LMTS,174117,SAN FRANCISCO CA,CA,10/16/2018,4/16/2019
SOFTWARE ENGINEERING LMTS,174117,SAN FRANCISCO CA,CA,10/23/2018,4/23/2019
SOFTWARE ENGINEERING LMTS,174117,SAN FRANCISCO CA,CA,10/24/2018,4/25/2019
SOFTWARE ENGINEERING MANAGER,118394,NAPERVILLE IL,IL,8/31/2018,9/10/2018
SOFTWARE ENGINEERING MEMBER OF TECHNICAL STAFF,127920,CAMBRIDGE MA,MA,3/14/2018,3/19/2018
SOFTWARE ENGINEERING MEMBER OF TECHNICAL STAFF,127920,CAMBRIDGE MA,MA,3/12/2018,3/19/2018
SOFTWARE ENGINEERING MEMBER OF TECHNICAL STAFF,135990,SAN FRANCISCO CA,CA,3/2/2018,8/15/2018
SOFTWARE ENGINEERING MTS,87859,BURLINGTON MA,MA,3/21/2018,7/26/2018
SOFTWARE ENGINEERING MTS,110864,PALO ALTO CA,CA,2/2/2018,7/26/2018
SOFTWARE ENGINEERING MTS,118186,SAN FRANCISCO CA,CA,4/24/2018,10/12/2018
SOFTWARE ENGINEERING MTS,118456,SAN FRANCISCO CA,CA,10/19/2018,3/5/2019
SOFTWARE ENGINEERING MTS,118456,SAN FRANCISCO CA,CA,11/6/2018,11/15/2018
SOFTWARE ENGINEERING MTS,118456,SAN FRANCISCO CA,CA,11/9/2018,5/11/2019
SOFTWARE ENGINEERING MTS,122429,SAN FRANCISCO CA,CA,3/2/2018,8/15/2018
SOFTWARE ENGINEERING MTS,122429,SAN FRANCISCO CA,CA,2/2/2018,8/2/2018
SOFTWARE ENGINEERING MTS,122429,SAN FRANCISCO CA,CA,6/4/2018,11/29/2018
SOFTWARE ENGINEERING MTS,122429,SAN FRANCISCO CA,CA,2/27/2018,8/16/2018
SOFTWARE ENGINEERING MTS,122429,SAN FRANCISCO CA,CA,3/2/2018,8/15/2018
SOFTWARE ENGINEERING MTS,122429,SAN FRANCISCO CA,CA,2/21/2018,8/15/2018
SOFTWARE ENGINEERING MTS,133806,BELLEVUE WA,WA,8/22/2018,8/27/2018
SOFTWARE ENGINEERING MTS,138091,SAN FRANCISCO CA,CA,10/23/2018,4/23/2019
SOFTWARE ENGINEERING MTS,138091,SAN FRANCISCO CA,CA,11/9/2018,5/11/2019
SOFTWARE ENGINEERING MTS,153774,SAN FRANCISCO CA,CA,6/4/2018,6/18/2018
SOFTWARE ENGINEERING PMTS,113069,CHICAGO IL,IL,9/26/2018,2/11/2019
SOFTWARE ENGINEERING PMTS,142168,SAN FRANCISCO CA,CA,3/2/2018,8/8/2018
SOFTWARE ENGINEERING PMTS,142168,SAN FRANCISCO WA,WA,2/12/2018,8/11/2018
SOFTWARE ENGINEERING PMTS,151590,BELLEVUE WA,WA,3/28/2018,9/24/2018
SOFTWARE ENGINEERING PMTS,153774,SAN FRANCISCO CA,CA,6/29/2018,12/27/2018
SOFTWARE ENGINEERING PMTS,153774,SAN FRANCISCO CA,CA,3/12/2018,8/24/2018
SOFTWARE ENGINEERING PMTS,153774,SAN FRANCISCO CA,CA,2/23/2018,8/16/2018
SOFTWARE ENGINEERING PMTS,164674,PALO ALTO CA,CA,11/8/2018,11/19/2018
SOFTWARE ENGINEERING PMTS,174117,SAN FRANCISCO CA,CA,9/24/2018,2/26/2019
SOFTWARE ENGINEERING PMTS,174117,SAN FRANCISCO CA,CA,7/19/2018,1/18/2019
SOFTWARE ENGINEERING SMTS,87610,INDIANAPOLIS IN,IN,10/26/2018,4/23/2019
SOFTWARE ENGINEERING SMTS,95805,INDIANAPOLIS IN,IN,6/4/2018,11/29/2018
SOFTWARE ENGINEERING SMTS,95805,INDIANAPOLIS IN,IN,6/4/2018,11/30/2018
SOFTWARE ENGINEERING SMTS,96013,SALT LAKE CITY UT,UT,5/4/2018,10/31/2018
SOFTWARE ENGINEERING SMTS,96013,SALT LAKE CITY UT,UT,6/29/2018,12/27/2018
SOFTWARE ENGINEERING SMTS,96013,SALT LAKE CITY UT,UT,3/30/2018,9/24/2018
SOFTWARE ENGINEERING SMTS,100714,INDIANAPOLIS IN,IN,8/8/2018,2/7/2019
SOFTWARE ENGINEERING SMTS,100714,INDIANAPOLIS IN,IN,8/2/2018,1/30/2019
SOFTWARE ENGINEERING SMTS,107952,TAMPA FL,FL,4/5/2018,9/27/2018
SOFTWARE ENGINEERING SMTS,109450,DEERFIELD BEACH FL,FL,10/30/2018,11/15/2018
SOFTWARE ENGINEERING SMTS,111613,ROCHESTER NY,NY,6/21/2018,7/2/2018
SOFTWARE ENGINEERING SMTS,113069,CHICAGO IL,IL,9/26/2018,2/11/2019
SOFTWARE ENGINEERING SMTS,117499,BELLEVUE WA,WA,5/7/2018,5/21/2018
SOFTWARE ENGINEERING SMTS,121077,SAN FRANCISCO CA,CA,9/25/2018,3/22/2019
SOFTWARE ENGINEERING SMTS,122429,SAN FRANCISCO CA,CA,2/23/2018,8/16/2018
SOFTWARE ENGINEERING SMTS,122429,SAN FRANCISCO CA,CA,1/31/2018,5/19/2018
SOFTWARE ENGINEERING SMTS,122429,SAN FRANCISCO CA,CA,1/17/2018,6/2/2018
SOFTWARE ENGINEERING SMTS,122429,SAN FRANCISCO CA,CA,2/23/2018,8/15/2018
SOFTWARE ENGINEERING SMTS,122429,SAN FRANCISCO CA,CA,4/5/2018,10/1/2018
SOFTWARE ENGINEERING SMTS,127920,CAMBRIDGE MA,MA,3/22/2018,4/2/2018
SOFTWARE ENGINEERING SMTS,127920,BURLINGTON MA,MA,4/16/2018,10/5/2018
SOFTWARE ENGINEERING SMTS,127920,CAMBRIDGE MA,MA,6/29/2018,8/1/2018
SOFTWARE ENGINEERING SMTS,132080,BELLEVUE WA,WA,2/6/2018,5/19/2018
SOFTWARE ENGINEERING SMTS,134618,BELLEVUE WA,WA,5/18/2018,6/4/2018
SOFTWARE ENGINEERING SMTS,135283,NEW YORK NY,NY,4/2/2018,10/1/2018
SOFTWARE ENGINEERING SMTS,135990,SAN FRANCISCO CA,CA,2/23/2018,8/15/2018
SOFTWARE ENGINEERING SMTS,136926,SAN FRANCISCO CA,CA,11/5/2018,11/19/2018
SOFTWARE ENGINEERING SMTS,138091,SAN FRANCISCO CA,CA,9/28/2018,3/18/2019
SOFTWARE ENGINEERING SMTS,138091,SAN FRANCISCO CA,CA,10/1/2018,3/18/2019
SOFTWARE ENGINEERING SMTS,138091,SAN FRANCISCO CA,CA,11/13/2018,3/18/2019
SOFTWARE ENGINEERING SMTS,138861,NEW YORK NY,NY,10/23/2018,4/10/2019
SOFTWARE ENGINEERING SMTS,138861,NEW YORK NY,NY,8/8/2018,2/7/2019
SOFTWARE ENGINEERING SMTS,138861,NEW YORK NY,NY,8/2/2018,12/30/2018
SOFTWARE ENGINEERING SMTS,142168,SAN FRANCISCO CA,CA,4/4/2018,4/16/2018
SOFTWARE ENGINEERING SMTS,142168,SAN FRANCISCO CA,CA,6/22/2018,12/5/2018
SOFTWARE ENGINEERING SMTS,142168,SAN FRANCISCO CA,CA,6/14/2018,12/14/2018
SOFTWARE ENGINEERING SMTS,142168,SAN FRANCISCO CA,CA,5/24/2018,11/21/2018
SOFTWARE ENGINEERING SMTS,142168,SAN FRANCISCO CA,CA,1/19/2018,6/22/2018
SOFTWARE ENGINEERING SMTS,142168,SAN FRANCISCO CA,CA,5/24/2018,11/21/2018
SOFTWARE ENGINEERING SMTS,142168,SAN FRANCISCO CA,CA,4/10/2018,9/9/2018
SOFTWARE ENGINEERING SMTS,142168,SAN FRANCISCO CA,CA,6/21/2018,11/19/2018
SOFTWARE ENGINEERING SMTS,142168,SAN FRANCISCO CA,CA,4/12/2018,9/28/2018
SOFTWARE ENGINEERING SMTS,142168,SAN FRANCISCO CA,CA,4/10/2018,10/5/2018
SOFTWARE ENGINEERING SMTS,142168,SAN FRANCISCO CA,CA,2/23/2018,8/15/2018
SOFTWARE ENGINEERING SMTS,142168,SAN FRANCISCO CA,CA,6/12/2018,9/21/2018
SOFTWARE ENGINEERING SMTS,142168,SAN FRANCISCO CA,CA,6/13/2018,6/25/2018
SOFTWARE ENGINEERING SMTS,142168,SAN FRANCISCO CA,CA,5/30/2018,11/16/2018
SOFTWARE ENGINEERING SMTS,142168,SAN FRANCISCO CA,CA,5/8/2018,10/26/2018
SOFTWARE ENGINEERING SMTS,142168,SAN FRANCISCO CA,CA,5/30/2018,6/4/2018
SOFTWARE ENGINEERING SMTS,142168,SAN FRANCISCO CA,CA,2/20/2018,8/15/2018
SOFTWARE ENGINEERING SMTS,142168,SAN FRANCISCO CA,CA,4/19/2018,8/15/2018
SOFTWARE ENGINEERING SMTS,142168,SAN FRANCISCO CA,CA,6/5/2018,11/30/2018
SOFTWARE ENGINEERING SMTS,142168,SAN FRANCISCO CA,CA,4/2/2018,10/1/2018
SOFTWARE ENGINEERING SMTS,142168,SAN FRANCISCO CA,CA,2/14/2018,7/27/2018
SOFTWARE ENGINEERING SMTS,142168,SAN FRANCISCO CA,CA,4/23/2018,10/19/2018
SOFTWARE ENGINEERING SMTS,142168,SAN FRANCISCO CA,CA,3/2/2018,8/15/2018
SOFTWARE ENGINEERING SMTS,142168,SAN FRANCISCO CA,CA,5/21/2018,11/16/2018
SOFTWARE ENGINEERING SMTS,142168,SAN FRANCISCO CA,CA,2/15/2018,8/15/2018
SOFTWARE ENGINEERING SMTS,142168,SAN FRANCISCO CA,CA,3/1/2018,8/15/2018
SOFTWARE ENGINEERING SMTS,142168,SAN FRANCISCO CA,CA,6/27/2018,12/21/2018
SOFTWARE ENGINEERING SMTS,147597,SAN FRANCISCO CA,CA,10/16/2018,4/16/2019
SOFTWARE ENGINEERING SMTS,147597,SAN FRANCISCO CA,CA,10/29/2018,4/23/2019
SOFTWARE ENGINEERING SMTS,147597,SAN FRANCISCO CA,CA,11/5/2018,5/4/2019
SOFTWARE ENGINEERING SMTS,147597,SAN FRANCISCO CA,CA,11/8/2018,5/10/2019
SOFTWARE ENGINEERING SMTS,147597,SAN FRANCISCO CA,CA,11/9/2018,5/11/2019
SOFTWARE ENGINEERING SMTS,147597,SAN FRANCISCO CA,CA,8/2/2018,12/30/2018
SOFTWARE ENGINEERING SMTS,147597,SAN FRANCISCO CA,CA,8/8/2018,2/7/2019
SOFTWARE ENGINEERING SMTS,147597,SAN FRANCISCO CA,CA,9/18/2018,3/14/2019
SOFTWARE ENGINEERING SMTS,147597,SAN FRANCISCO CA,CA,9/13/2018,3/14/2019
SOFTWARE ENGINEERING SMTS,147597,SAN FRANCISCO CA,CA,9/11/2018,3/1/2019
SOFTWARE ENGINEERING SMTS,153774,SAN FRANCISCO CA,CA,5/17/2018,11/16/2018
SOFTWARE ENGINEERING SMTS,154315,BELLEVUE WA,WA,8/15/2018,2/11/2019
SOFTWARE ENGINEERING SMTS,157706,SAN FRANCISCO CA,CA,10/2/2018,4/1/2019
SOFTWARE ENGINEERING SMTS,157706,SAN FRANCISCO CA,CA,10/21/2018,4/22/2019
SOFTWARE ENGINEERING SMTS,157706,SAN FRANCISCO CA,CA,10/29/2018,4/19/2019
SOFTWARE ENGINEERING SMTS,157706,SAN FRANCISCO CA,CA,10/30/2018,5/1/2019
SOFTWARE ENGINEERING SMTS,174117,SAN FRANCISCO CA,CA,8/16/2018,8/27/2018
SOFTWARE ENGINEERING AMTS,92768,NEW YORK NY,NY,3/12/2018,7/29/2018
SOFTWARE ENGINEERING LEAD,174117,SAN FRANCISCO CA,CA,8/9/2018,8/20/2018
SOFTWARE ENGINEERING LMTS,142168,SAN FRANCISCO CA,CA,3/1/2018,8/28/2018
SOFTWARE ENGINEERING LMTS,142168,SAN FRANCISCO CA,CA,4/12/2018,9/21/2018
SOFTWARE ENGINEERING LMTS,142168,SAN FRANCISCO CA,CA,4/11/2018,9/21/2018
SOFTWARE ENGINEERING LMTS,157706,SAN FRANCISCO CA,CA,9/27/2018,3/7/2019
SOFTWARE ENGINEERING LMTS,157706,SAN FRANCISCO CA,CA,8/1/2018,1/31/2019
SOFTWARE ENGINEERING LMTS,157706,SAN FRANCISCO CA,CA,8/20/2018,1/31/2019
SOFTWARE ENGINEERING MTS,117720,SAN FRANCISCO CA,CA,3/7/2018,7/18/2018
SOFTWARE ENGINEERING MTS,121077,SAN FRANCISCO CA,CA,8/28/2018,9/3/2018
SOFTWARE ENGINEERING MTS,121077,SAN FRANCISCO CA,CA,8/28/2018,9/3/2018
SOFTWARE ENGINEERING PMTS,142168,SAN FRANCISCO CA,CA,3/2/2018,8/16/2018
SOFTWARE ENGINEERING SENIOR MEMBER OF TECHNICAL STAFF,142168,SAN FRANCISCO CA,CA,3/6/2018,8/31/2018
SOFTWARE ENGINEERING SMTS,142168,SAN FRANCISCO CA,CA,2/23/2018,8/15/2018
SOFTWARE ENGINEERING SMTS,142168,SAN FRANCISCO CA,CA,2/10/2018,7/8/2018
SOFTWARE ENGINEERING SMTS,142168,SAN FRANCISCO CA,CA,3/25/2018,8/14/2018
SOFTWARE INFRASTRUCTURE ENGINEER,130760,SAN FRANCISCO CA,CA,3/8/2018,9/1/2018
SOFTWARE INFRASTRUCTURE ENGINEER,135990,SAN FRANCISCO CA,CA,3/3/2018,8/16/2018
SOFTWARE QUALITY ENGINEER,122429,SAN FRANCISCO CA,CA,1/29/2018,2/12/2018
SOLUTION ARCHITECT,86403,ESTERO FL,FL,4/3/2018,4/9/2018
SOLUTION ENGINEER,79740,SAN FRANCISCO CA,CA,3/12/2018,7/11/2018
SOLUTION ENGINEER,89320,SAN FRANCISCO CA,CA,7/25/2018,10/1/2018
SOLUTION ENGINEER,97053,ATLANTA GA,GA,7/3/2018,7/16/2018
SOLUTION ENGINEER,98280,ATLANTA GA,GA,4/10/2018,4/17/2018
SOLUTION ENGINEER,98280,ATLANTA GA,GA,4/10/2018,4/17/2018
SOLUTION ENGINEER,102669,SAN FRANCISCO CA,CA,4/2/2018,4/16/2018
SOLUTION ENGINEER - MARKETING CLOUD,78978,ATLANTA GA,GA,4/18/2018,4/25/2018
SOLUTION ENGINEER HEALTHCARE AND LIFE SCIENCES,122429,SAN FRANCISCO CA,CA,4/10/2018,10/1/2018
SOLUTIONS ARCHITECT,147597,SAN JOSE CA,CA,7/17/2018,7/18/2018
SOLUTIONS ARCHITECT,147597,SAN FRANCISCO CA,CA,7/23/2018,7/30/2018
SOLUTIONS ARCHITECT,147597,SAN FRANCISCO CA,CA,7/17/2018,7/18/2018
SOLUTIONS CONSULTANT,117720,SAN FRANCISCO CA,CA,5/31/2018,6/11/2018
SOLUTIONS CONSULTANT,105830,MCLEAN VA,VA,6/20/2018,7/2/2018
SOLUTIONS CONSULTANT,122429,SAN FRANCISCO CA,CA,5/30/2018,6/11/2018
SOLUTIONS CONSULTING MANAGER,136302,NEW YORK NY,NY,7/11/2018,7/18/2018
SOLUTIONS ENGINEER,117720,SAN FRANCISCO CA,CA,5/31/2018,6/11/2018
SOLUTIONS ENGINEER,122429,SAN FRANCISCO CA,CA,5/30/2018,6/11/2018
SR INTEGRATION MIDDLEWARE DEVELOPER,120848,HILLSBORO OR,OR,1/8/2018,1/16/2018
SR MANAGER TREASURY & PAYMENTS TECH,151715,SAN FRANCISCO CA,CA,9/13/2018,9/24/2018
SR ANALYST SALES STRATEGY & OPERATIONS,116792,SAN FRANCISCO CA,CA,7/16/2018,7/30/2018
SR BI SYSTEMS ANALYST,118394,SAN FRANCISCO CA,CA,7/24/2018,8/6/2018
SR DATA ENGINEER,142168,SAN FRANCISCO CA,CA,2/2/2018,8/2/2018
SR DISTRIBUTED SYSTEMS ENGINEER,151590,BELLEVUE WA,WA,4/16/2018,4/23/2018
SR INTEGRATION MIDDLEWARE DEVELOPER,120848,HILLSBORO OR,OR,2/6/2018,2/19/2018
SR MANAGER  DATA SCIENCE PRICING,163134,SAN FRANCISCO CA,CA,4/10/2018,10/1/2018
SR MANAGER SOFTWARE ENGINEERING,142168,SAN FRANCISCO CA,CA,3/13/2018,9/7/2018
SR MANAGER STRATEGY,166878,PALO ALTO CA,CA,4/12/2018,10/7/2018
SR PROGRAM ARCHITECT,121139,ELLICOTT CITY MD,MD,5/1/2018,5/14/2018
SR PROGRAM ARCHITECT,146682,ELLICOTT CITY MD,MD,1/11/2018,1/24/2018
SR PROGRAM ARCHITECT,146682,ELLICOTT CITY MD,MD,5/1/2018,5/14/2018
SR PROGRAM ARCHITECT,163134,SAN FRANCISCO CA,CA,2/22/2018,7/30/2018
SR PROGRAM ARCHITECT,196082,DULLES VA,VA,8/29/2018,9/10/2018
SR PROGRAM ARCHITECT,204173,SAN JOSE CA,CA,8/10/2018,8/27/2018
SR SOFTWARE ENGINEER,122429,SAN FRANCISCO CA,CA,2/14/2018,6/6/2018
SR SOFTWARE ENGINEER,142168,SAN FRANCISCO CA,CA,5/24/2018,11/21/2018
SR SOFTWARE ENGINEER,142168,SAN FRANCISCO CA,CA,4/25/2018,9/27/2018
SR SOFTWARE ENGINEER,157706,SAN FRANCISCO CA,CA,10/23/2018,4/23/2019
SR SOLUTION ENGINEER - GENERAL BUSINESS,91624,NEW YORK NY,NY,3/1/2018,3/19/2018
STAFF PRODUCT DESIGNER,122429,SAN FRANCISCO CA,CA,4/3/2018,10/1/2018
SUCCESS ACCOUNTANT MANAGER PARTNER PREMIER,94540,NEW BERLIN WI,WI,4/18/2018,10/12/2018
SUCCESS AGENT,64140,HILLSBORO OR,OR,3/4/2018,8/28/2018
SUCCESS AGENT,64140,HILLSBORO OR,OR,3/10/2018,8/22/2018
SUCCESS AGENT TIER ,88960,CHICAGO IL,IL,3/5/2018,7/24/2018
SUCCESS AGENT DEVELOPER,64140,HILLSBORO OR,OR,3/13/2018,9/1/2018
SUCCESS AGENT DEVELOPER,64140,HILLSBORO OR,OR,3/9/2018,9/1/2018
SUCCESS AGENT PRINCIPAL TIER ,85176,HILLSBORO OR,OR,3/26/2018,8/15/2018
SUCCESS AGENT PRINCIPAL TIER ,87610,HILLSBORO OR,OR,3/12/2018,8/15/2018
SUCCESS AGENT PRINCIPAL TIER ,112986,SAN FRANCISCO CA,CA,10/26/2018,4/20/2019
SUCCESS AGENT PRINCIPAL TIER ,112986,SAN FRANCISCO CA,CA,11/15/2018,5/17/2019
SUCCESS AGENT PRINCIPAL TIER ,85259,JACKSONVILLE FL,FL,3/13/2018,3/20/2018
SUCCESS AGENT PRINCIPAL TIER ,85259,JACKSONVILLE FL,FL,3/1/2018,8/15/2018
SUCCESS AGENT SENIOR,70740,HILLSBORO OR,OR,10/30/2018,5/1/2019
SUCCESS AGENT SENIOR TIER ,112986,SAN FRANCISCO CA,CA,11/5/2018,4/30/2019
SUCCESS AGENT TIER ,59260,HILLSBORO OR,OR,3/12/2018,9/1/2018
SUCCESS AGENT TIER ,59260,HILLSBORO OR,OR,3/8/2018,9/1/2018
SUCCESS AGENT TIER ,61630,HILLSBORO OR,OR,1/25/2018,7/19/2018
SUCCESS AGENT TIER ,70387,INDIANAPOLIS IN,IN,8/22/2018,9/3/2018
SUCCESS AGENT- TIER  DEVELOPER,64720,INDIANAPOLIS IN,IN,3/12/2018,9/1/2018
SUCCESS ENGINEER,92120,INDIANAPOLIS IN,IN,4/2/2018,4/16/2018
SUCCESS ENGINEER,99700,INDIANAPOLIS IN,IN,3/8/2018,8/30/2018
SUCCESS ENGINEER,99700,GREEN BAY WI,WI,3/15/2018,8/30/2018
SUCCESS ENGINEER,87069,INDIANAPOLIS IN,IN,1/25/2018,2/5/2018
SUCCESS ENGINEER,90480,HILLSBORO OR,OR,8/16/2018,8/27/2018
SUCCESS ENGINEER,95805,INDIANAPOLIS IN,IN,3/2/2018,8/30/2018
SUCCESS ENGINEER,97136,HILLSBORO OR,OR,4/12/2018,4/23/2018
SUCCESS ENGINEER,97427,INDIANAPOLIS IN,IN,1/25/2018,2/5/2018
SUCCESS ENGINEER,100381,HILLSBORO OR,OR,8/9/2018,8/22/2018
SUCCESS ENGINEER,100714,INDIANAPOLIS IN,IN,9/27/2018,10/8/2018
SUCCESS ENGINEER,107370,HILLSBORO OR,OR,8/16/2018,8/27/2018
SUCCESS ENGINEER,109242,SAN FRANCISCO CA,CA,9/13/2018,9/24/2018
SUCCESS ENGINEER - MCS,92120,INDIANAPOLIS IN,IN,4/17/2018,8/24/2018
SUCCESS ENGINEER - MCS,95805,INDIANAPOLIS IN,IN,3/30/2018,8/24/2018
SUCCESS ENGINEER PRINCIPAL,96840,INDIANAPOLIS IN,IN,10/2/2018,4/2/2019
SUCCESS ENGINEER PRINCIPAL,96840,INDIANAPOLIS IN,IN,11/8/2018,11/15/2018
SUCCESS ENGINEER PRINCIPAL,103240,HILLSBORO OR,OR,9/13/2018,3/14/2019
SUCCESS ENGINEER PRINCIPAL,100714,INDIANAPOLIS IN,IN,10/4/2018,10/15/2018
SUCCESS ENGINEER PRINCIPAL - SIGNATURE SUCCESS,96840,INDINANPOLIS IN,IN,11/5/2018,4/18/2019
SUCCESS ENGINEER PRINCIPAL - SIGNATURE SUCCESS,95805,INDIANAPOLIS IN,IN,1/10/2018,6/8/2018
SUCCESS ENGINEER PRINCIPAL - SIGNATURE SUCCESS,100714,INDINANPOLIS IN,IN,10/23/2018,4/18/2019
SUCCESS ENGINEER PRINCIPAL SIGNATURE SUCCESS III,102669,SAN FRANCISCO CA,CA,4/10/2018,8/10/2018
SUCCESS ENGINEER PRINCIPAL SIGNATURE SUCCESS III,119246,SAN FRANCISCO CA,CA,3/1/2018,8/10/2018
SUCCESS ENGINEER PRINCIPAL- SIGNATURE SUCCESS,92120,INDIANAPOLIS IN,IN,5/1/2018,10/30/2018
SUCCESS ENGINEER SENIOR PRINCIPAL,142168,SAN FRANCISCO CA,CA,5/25/2018,7/24/2018
SUCCESS SPECIALIST,102669,SAN FRANCISCO CA,CA,3/26/2018,8/10/2018
SUCCESS SPECIALIST,119246,SAN FRANCISCO CA,CA,3/1/2018,8/10/2018
SUPPORT ENGINEER,96658,NAPERVILLE IL,IL,7/13/2018,10/1/2018
SYSTEM ANALYST,111280,BURBANK CA,CA,11/2/2018,11/13/2018
SYSTEM SPECIALIST,87069,INDIANAPOLIS IN,IN,5/29/2018,6/4/2018
SYSTEM SPECIALIST ,107640,HILLSBORO OR,OR,11/2/2018,5/4/2019
SYSTEM SPECIALIST ASSOCIATE I,111426,SAN FRANCISCO CA,CA,8/10/2018,8/27/2018
SYSTEMS ENGINEER - BIG DATA,138091,SAN FRANCISCO CA,CA,10/29/2018,4/30/2019
SYSTEMS ENGINEER LEAD,133370,SAN FRANCISCO WA,WA,2/7/2018,8/6/2018
SYSTEMS ENGINEERING LEAD,142168,SAN FRANCISCO CA,CA,5/29/2018,11/23/2018
SYSTEMS ENGINEERING LEAD,153774,SAN FRANCISCO CA,CA,2/2/2018,7/26/2018
SYSTEMS ENGINEERING LEAD,153774,SAN FRANCISCO CA,CA,2/16/2018,8/15/2018
SYSTEMS ENGINEERING LEAD,153774,SAN FRANCISCO CA,CA,2/20/2018,8/20/2018
SYSTEMS ENGINEERING SENIOR,120182,HERNDON VA,VA,6/29/2018,12/25/2018
SYSTEMS OPERATIONS ENGINEER,135990,SAN FRANCISCO CA,CA,4/27/2018,10/25/2018
SYSTEMS OPERATIONS ENGINEER,135990,SAN FRANCISCO CA,CA,4/27/2018,10/25/2018
SYSTEMS SECURITY ENGINEER,136926,SAN FRANCISCO CA,CA,9/14/2018,10/1/2018
SYSTEMS SPECIALIST,79580,INDIANAPOLIS IN,IN,3/8/2018,8/7/2018
SYSTEMS SPECIALIST,75296,INDIANAPOLIS IN,IN,6/5/2018,6/18/2018
SYSTEMS SPECIALIST,76024,INDIANAPOLIS IN,IN,2/8/2018,8/7/2018
SYSTEMS SPECIALIST,79290,INDIANAPOLIS IN,IN,5/23/2018,6/4/2018
SYSTEMS SPECIALIST,81848,INDIANAPOLIS IN,IN,2/1/2018,7/29/2018
SYSTEMS SPECIALIST,87610,INDIANAPOLIS IN,IN,8/15/2018,8/27/2018
SYSTEMS SPECIALIST,94141,INDIANAPOLIS IN,IN,1/25/2018,7/19/2018
SYSTEMS SPECIALIST,118456,SAN FRANCISCO CA,CA,8/23/2018,9/3/2018
SYSTEMS SPECIALIST ,84240,HILLSBORO OR,OR,3/7/2018,9/4/2018
SYSTEMS SPECIALIST ,84240,HILLSBORO OR,OR,3/16/2018,9/15/2018
SYSTEMS SPECIALIST ,90480,HILLSBORO OR,OR,10/23/2018,4/23/2019
SYSTEMS SPECIALIST ,63544,INDIANAPOLIS IN,IN,5/1/2018,10/30/2018
SYSTEMS SPECIALIST I,91160,DALLAS TX,TX,9/14/2018,10/1/2018
SYSTEMS SPECIALIST I,94800,DALLAS TX,TX,10/19/2018,10/29/2018
SYSTEMS SPECIALIST I,80808,DALLAS TX,TX,10/30/2018,11/12/2018
SYSTEMS SPECIALIST I,108784,DALLAS TX,TX,8/16/2018,8/27/2018
SYSTEMS SPECIALIST II,85176,HILLSBORO OR,OR,4/25/2018,10/5/2018
SYSTEMS SPECIALIST II,91874,HILLSBORO OR,OR,10/30/2018,5/1/2019
SYSTEMS SPECIALIST II,93538,DALLAS TX,TX,10/12/2018,10/23/2018
SYSTEMS SPECIALIST II,101109,HILLSBORO OR,OR,4/5/2018,10/1/2018
SYSTEMS SPECIALIST II,107370,HILLSBORO OR,OR,9/28/2018,3/7/2019
SYSTEMS SPECIALIST II,107370,HILLSBORO OR,OR,9/26/2018,3/7/2019
SYSTEMS SPECIALIST II,108784,DALLAS TX,TX,10/26/2018,11/5/2018
SYSTEMS SPECIALIST II,109886,DALLAS TX,TX,10/1/2018,10/8/2018
SYSTEMS SPECIALIST II,109886,DALLAS TX,TX,10/25/2018,11/5/2018
SYSTEMS SPECIALIST II,121077,SAN FRANCISCO CA,CA,9/18/2018,3/14/2019
SYSTEMS SPECIALIST II,122429,SAN FRANCISCO CA,CA,4/3/2018,10/1/2018
SYSTEMS SPECIALIST II,122782,DALLAS TX,TX,10/29/2018,11/5/2018
TECH QA CONSULTANT,93621,EDINA MN,MN,4/13/2018,9/28/2018
TECH QA SPECIALIST,82930,SAN FRANCISCO CA,CA,4/13/2018,10/5/2018
TECH QA SPECIALIST,88733,SAN FRANCISCO CA,CA,4/24/2018,10/5/2018
TECHNICAL ACCOUNT MANAGER,115586,BELLEVUE WA,WA,9/12/2018,9/24/2018
TECHNICAL ARCHITECT,96470,INDIANAPOLIS IN,IN,3/20/2018,3/20/2018
TECHNICAL ARCHITECT,96470,INDIANAPOLIS IN,IN,3/20/2018,3/20/2018
TECHNICAL ARCHITECT,103022,BEAVERTON OR,OR,3/5/2018,3/12/2018
TECHNICAL ARCHITECT,113672,ALPHARETTA GA,GA,6/18/2018,6/25/2018
TECHNICAL ARCHITECT,117000,SMYRNA GA,GA,7/24/2018,8/6/2018
TECHNICAL ARCHITECT,121222,NEW YORK NY,NY,8/16/2018,8/27/2018
TECHNICAL ARCHITECT,121389,DURHAM NC,NC,8/20/2018,9/3/2018
TECHNICAL ARCHITECT,122782,DALLAS TX,TX,7/5/2018,7/30/2018
TECHNICAL ARCHITECT,124946,MCKINNEY TX,TX,2/2/2018,7/3/2018
TECHNICAL ARCHITECT,125570,DURHAM NC,NC,8/20/2018,9/3/2018
TECHNICAL ARCHITECT,126235,IRVING TX,TX,8/29/2018,9/10/2018
TECHNICAL ARCHITECT,139818,ALPHARETTA GA,GA,6/13/2018,6/25/2018
TECHNICAL ARCHITECT,141856,SAN FRANCISCO CA,CA,8/13/2018,8/20/2018
TECHNICAL ARCHITECT,147597,SAN FRANCISCO CA,CA,9/20/2018,9/24/2018
TECHNICAL ARCHITECT,147597,SAN FRANCISCO CA,CA,9/11/2018,9/17/2018
TECHNICAL CONSULTANT,71240,INDIANAPOLIS IN,IN,3/19/2018,8/15/2018
TECHNICAL CONSULTANT,106954,JERSEY CITY NJ,NJ,5/23/2018,6/4/2018
TECHNICAL CONSULTANT,111509,SAN FRANCISCO CA,CA,6/21/2018,7/9/2018
TECHNICAL CONSULTANT,118186,SAN FRANCISCO CA,CA,6/29/2018,7/9/2018
TECHNICAL PRODUCT MANAGER,135990,SAN FRANCISCO CA,CA,6/28/2018,7/9/2018
TECHNICAL SUPPORT ENGINEER,90480,BEAVERTON OR,OR,10/12/2018,10/29/2018
TECHNOLOGY ASSOCIATE INTERNAL AUDIT,69514,SAN FRANCISCO CA,CA,9/13/2018,9/24/2018
TECHNOLOGY SPECIALIST,71240,INDIANAPOLIS IN,IN,3/12/2018,7/26/2018
TIER  SUCCESS AGENT,71940,CHICAGO IL,IL,3/5/2018,7/9/2018
TREASURY ANALYST,92206,SAN FRANCISCO CA,CA,9/18/2018,10/1/2018
USER EXPERIENCE DESIGNER,87859,BURLINGTON MA,MA,3/26/2018,9/3/2018
USER EXPERIENCE DESIGNER,87859,BURLINGTON MA,MA,4/10/2018,9/3/2018
USER INTERFACE/USER EXPERIENCE LEAD,107890,BURLINGTON MA,MA,3/6/2018,9/3/2018
USER RESEARCHER,120432,SAN FRANCISCO CA,CA,3/23/2018,9/20/2018
USER RESEARCHER,122429,SAN FRANCISCO CA,CA,3/27/2018,9/20/2018
UX DESIGNER,70283,BURLINGTON MA,MA,3/5/2018,8/5/2018
UX DESIGNER,84864,SAN FRANCISCO CA,CA,3/13/2018,9/12/2018
UX DESIGNER,84864,SAN FRANCISCO CA,CA,2/25/2018,8/14/2018
UX DESIGNER,84864,SAN FRANCISCO CA,CA,2/23/2018,8/14/2018
UX DESIGNER,122429,SAN FRANCISCO CA,CA,3/20/2018,9/12/2018
VALUE AND INNOVATION CONSULTANT,115835,CHICAGO IL,IL,3/20/2018,9/15/2018
VISUALIZATION & ENABLEMENT SMTS,129106,SAN FRANCISCO CA,CA,2/23/2018,8/16/2018
VP ENGINEERING,234000,SAN FRANCISCO CA,CA,8/20/2018,8/27/2018
VP IOT BUSINESS DEVELOPEMENT,244026,SAN FRANCISCO CA,CA,2/27/2018,8/24/2018
VP IOT BUSINESS DEVELOPEMENT,244026,SAN FRANCISCO CA,CA,2/14/2018,3/1/2018
VP IOT BUSINESS DEVELOPMENT,244026,SAN FRANCISCO CA,CA,2/28/2018,8/24/2018
VP IOT BUSINESS DEVELOPMENT,244026,SAN FRANCISCO CA,CA,5/7/2018,5/21/2018
VP IOT BUSINESS DEVELOPMENT,244026,SAN FRANCISCO CA,CA,2/28/2018,3/1/2018
VP REGIONAL LEADER,135886,NEW YORK NY,NY,1/17/2018,5/29/2018
VP PRODUCT MANAGEMENT,234000,SAN FRANCISCO CA,CA,7/20/2018,8/13/2018
VULNERABILITY RESEARCHER,133931,SAN FRANCISCO CA,CA,3/19/2018,9/15/2018
WEB UI ENGINEER INFRASTRUCTURE SECURITY,157706,SAN FRANCISCO CA,CA,8/17/2018,8/27/2018
